[08Aug2024 11:22:43.339] [main/INFO] [cpw.mods.modlauncher.Launcher/MODLAUNCHER]: ModLauncher running: args [--launchTarget, forgeclientuserdev, --version, 20.6.117, --assetIndex, asset-index, --assetsDir, C:\Users\ytthe\.mcreator\gradle\caches\minecraft\assets\1.20.6, --gameDir, ., --fml.neoForgeVersion, 20.6.117, --fml.fmlVersion, 3.0.45, --fml.mcVersion, 1.20.6, --fml.neoFormVersion, 20240429.153634]
[08Aug2024 11:22:43.364] [main/INFO] [cpw.mods.modlauncher.Launcher/MODLAUNCHER]: JVM identified as Eclipse Adoptium OpenJDK 64-Bit Server VM 21.0.3+9-LTS
[08Aug2024 11:22:43.368] [main/INFO] [cpw.mods.modlauncher.Launcher/MODLAUNCHER]: ModLauncher 11.0.2+main.4612c65f starting: java version 21.0.3 by Eclipse Adoptium; OS Windows 11 arch amd64 version 10.0
[08Aug2024 11:22:43.430] [main/DEBUG] [cpw.mods.modlauncher.LaunchServiceHandler/MODLAUNCHER]: Found launch services [minecraft,forgeclient,forgedatauserdev,testharness,forgeserverdev,forgeserveruserdev,forgejunitdev,forgeclientdev,forgeclientuserdev,forgeserver,forgejunituserdev,forgedatadev]
[08Aug2024 11:22:43.472] [main/DEBUG] [cpw.mods.modlauncher.LaunchPluginHandler/MODLAUNCHER]: Found launch plugins: [mixin,slf4jfixer,runtime_enum_extender,accesstransformer,runtimedistcleaner]
[08Aug2024 11:22:43.494] [main/DEBUG] [cpw.mods.modlauncher.TransformationServicesHandler/MODLAUNCHER]: Discovering transformation services
[08Aug2024 11:22:43.501] [main/DEBUG] [net.neoforged.fml.loading.FMLPaths/CORE]: Path GAMEDIR is C:\Users\ytthe\Desktop\monmods\runs\client
[08Aug2024 11:22:43.502] [main/DEBUG] [net.neoforged.fml.loading.FMLPaths/CORE]: Path MODSDIR is C:\Users\ytthe\Desktop\monmods\runs\client\mods
[08Aug2024 11:22:43.502] [main/DEBUG] [net.neoforged.fml.loading.FMLPaths/CORE]: Path CONFIGDIR is C:\Users\ytthe\Desktop\monmods\runs\client\config
[08Aug2024 11:22:43.502] [main/DEBUG] [net.neoforged.fml.loading.FMLPaths/CORE]: Path FMLCONFIG is C:\Users\ytthe\Desktop\monmods\runs\client\config\fml.toml
[08Aug2024 11:22:43.564] [main/TRACE] [net.neoforged.fml.loading.FMLConfig/CORE]: Loaded FML config from C:\Users\ytthe\Desktop\monmods\runs\client\config\fml.toml
[08Aug2024 11:22:43.564] [main/TRACE] [net.neoforged.fml.loading.FMLConfig/CORE]: FMLConfig disableConfigWatcher is false
[08Aug2024 11:22:43.565] [main/TRACE] [net.neoforged.fml.loading.FMLConfig/CORE]: FMLConfig earlyWindowControl is true
[08Aug2024 11:22:43.565] [main/TRACE] [net.neoforged.fml.loading.FMLConfig/CORE]: FMLConfig maxThreads is 8
[08Aug2024 11:22:43.565] [main/TRACE] [net.neoforged.fml.loading.FMLConfig/CORE]: FMLConfig versionCheck is true
[08Aug2024 11:22:43.565] [main/TRACE] [net.neoforged.fml.loading.FMLConfig/CORE]: FMLConfig defaultConfigPath is defaultconfigs
[08Aug2024 11:22:43.565] [main/TRACE] [net.neoforged.fml.loading.FMLConfig/CORE]: FMLConfig disableOptimizedDFU is true
[08Aug2024 11:22:43.565] [main/TRACE] [net.neoforged.fml.loading.FMLConfig/CORE]: FMLConfig earlyWindowProvider is fmlearlywindow
[08Aug2024 11:22:43.565] [main/TRACE] [net.neoforged.fml.loading.FMLConfig/CORE]: FMLConfig earlyWindowWidth is 854
[08Aug2024 11:22:43.565] [main/TRACE] [net.neoforged.fml.loading.FMLConfig/CORE]: FMLConfig earlyWindowHeight is 480
[08Aug2024 11:22:43.566] [main/TRACE] [net.neoforged.fml.loading.FMLConfig/CORE]: FMLConfig earlyWindowFBScale is 1
[08Aug2024 11:22:43.566] [main/TRACE] [net.neoforged.fml.loading.FMLConfig/CORE]: FMLConfig earlyWindowMaximized is false
[08Aug2024 11:22:43.566] [main/TRACE] [net.neoforged.fml.loading.FMLConfig/CORE]: FMLConfig earlyWindowSkipGLVersions is []
[08Aug2024 11:22:43.566] [main/TRACE] [net.neoforged.fml.loading.FMLConfig/CORE]: FMLConfig earlyWindowSquir is false
[08Aug2024 11:22:43.591] [main/DEBUG] [net.neoforged.fml.loading.targets.CommonLaunchHandler/CORE]: Got mod coordinates monmods%%C:\Users\ytthe\Desktop\monmods\build\resources\main;monmods%%C:\Users\ytthe\Desktop\monmods\build\classes\java\main from env
[08Aug2024 11:22:43.595] [main/DEBUG] [net.neoforged.fml.loading.targets.CommonLaunchHandler/CORE]: Found supplied mod coordinates [{monmods=[C:\Users\ytthe\Desktop\monmods\build\resources\main, C:\Users\ytthe\Desktop\monmods\build\classes\java\main]}]
[08Aug2024 11:22:43.599] [main/DEBUG] [cpw.mods.modlauncher.TransformationServicesHandler/MODLAUNCHER]: Found additional transformation services from discovery services: 
[08Aug2024 11:22:43.618] [main/INFO] [net.neoforged.fml.loading.ImmediateWindowHandler/]: Loading ImmediateWindowProvider fmlearlywindow
[08Aug2024 11:22:43.814] [main/INFO] [EARLYDISPLAY/]: Trying GL version 4.6
[08Aug2024 11:22:44.029] [main/INFO] [EARLYDISPLAY/]: Requested GL version 4.6 got version 4.6
[08Aug2024 11:22:44.145] [main/DEBUG] [cpw.mods.modlauncher.TransformationServicesHandler/MODLAUNCHER]: Found transformer services : [mixin,mixin-synthetic-package,fml]
[08Aug2024 11:22:44.145] [main/DEBUG] [cpw.mods.modlauncher.TransformationServicesHandler/MODLAUNCHER]: Transformation services loading
[08Aug2024 11:22:44.146] [main/DEBUG] [cpw.mods.modlauncher.TransformationServiceDecorator/MODLAUNCHER]: Loading service mixin
[08Aug2024 11:22:44.146] [main/DEBUG] [cpw.mods.modlauncher.TransformationServiceDecorator/MODLAUNCHER]: Loaded service mixin
[08Aug2024 11:22:44.147] [main/DEBUG] [cpw.mods.modlauncher.TransformationServiceDecorator/MODLAUNCHER]: Loading service mixin-synthetic-package
[08Aug2024 11:22:44.147] [main/DEBUG] [cpw.mods.modlauncher.TransformationServiceDecorator/MODLAUNCHER]: Loaded service mixin-synthetic-package
[08Aug2024 11:22:44.147] [main/DEBUG] [cpw.mods.modlauncher.TransformationServiceDecorator/MODLAUNCHER]: Loading service fml
[08Aug2024 11:22:44.149] [main/DEBUG] [net.neoforged.fml.loading.FMLLoader/CORE]: FML 3.0.45 loading
[08Aug2024 11:22:44.149] [main/DEBUG] [net.neoforged.fml.loading.FMLLoader/CORE]: FML found ModLauncher version : 11.0.2+main.4612c65f
[08Aug2024 11:22:44.150] [main/DEBUG] [net.neoforged.fml.loading.FMLLoader/CORE]: FML found AccessTransformer version : 10.0.1+139da711
[08Aug2024 11:22:44.151] [main/DEBUG] [net.neoforged.fml.loading.FMLLoader/CORE]: FML found EventBus version : null
[08Aug2024 11:22:44.151] [main/DEBUG] [net.neoforged.fml.loading.FMLLoader/CORE]: Found Runtime Dist Cleaner
[08Aug2024 11:22:44.151] [main/DEBUG] [cpw.mods.modlauncher.TransformationServiceDecorator/MODLAUNCHER]: Loaded service fml
[08Aug2024 11:22:44.152] [main/DEBUG] [cpw.mods.modlauncher.TransformationServicesHandler/MODLAUNCHER]: Configuring option handling for services
[08Aug2024 11:22:44.196] [main/DEBUG] [net.neoforged.fml.loading.FMLServiceProvider/CORE]: Received command line version data  : VersionInfo[neoForgeVersion=20.6.117, fmlVersion=3.0.45, mcVersion=1.20.6, neoFormVersion=20240429.153634]
[08Aug2024 11:22:44.196] [main/DEBUG] [cpw.mods.modlauncher.TransformationServicesHandler/MODLAUNCHER]: Transformation services initializing
[08Aug2024 11:22:44.197] [main/DEBUG] [cpw.mods.modlauncher.TransformationServiceDecorator/MODLAUNCHER]: Initializing transformation service mixin
[08Aug2024 11:22:44.217] [main/DEBUG] [mixin/]: MixinService [ModLauncher] was successfully booted in cpw.mods.cl.ModuleClassLoader@2aece37d
[08Aug2024 11:22:44.235] [main/INFO] [mixin/]: SpongePowered MIXIN Subsystem Version=0.8.5 Source=union:/C:/Users/ytthe/.mcreator/gradle/caches/modules-2/files-2.1/net.fabricmc/sponge-mixin/0.13.4+mixin.0.8.5/8adf0cff1795a169141b9e16ad7b9f6e2527a990/sponge-mixin-0.13.4+mixin.0.8.5.jar%23136!/ Service=ModLauncher Env=CLIENT
[08Aug2024 11:22:44.245] [main/DEBUG] [mixin/]: Initialising Mixin Platform Manager
[08Aug2024 11:22:44.246] [main/DEBUG] [mixin/]: Adding mixin platform agents for container ModLauncher Root Container(ModLauncher:4f56a0a2)
[08Aug2024 11:22:44.246] [main/DEBUG] [mixin/]: Instancing new MixinPlatformAgentMinecraftForge for ModLauncher Root Container(ModLauncher:4f56a0a2)
[08Aug2024 11:22:44.247] [main/DEBUG] [mixin/]: MixinPlatformAgentMinecraftForge rejected container ModLauncher Root Container(ModLauncher:4f56a0a2)
[08Aug2024 11:22:44.248] [main/DEBUG] [mixin/]: Instancing new MixinPlatformAgentDefault for ModLauncher Root Container(ModLauncher:4f56a0a2)
[08Aug2024 11:22:44.248] [main/DEBUG] [mixin/]: MixinPlatformAgentDefault accepted container ModLauncher Root Container(ModLauncher:4f56a0a2)
[08Aug2024 11:22:44.251] [main/DEBUG] [cpw.mods.modlauncher.TransformationServiceDecorator/MODLAUNCHER]: Initialized transformation service mixin
[08Aug2024 11:22:44.252] [main/DEBUG] [cpw.mods.modlauncher.TransformationServiceDecorator/MODLAUNCHER]: Initializing transformation service mixin-synthetic-package
[08Aug2024 11:22:44.252] [main/DEBUG] [cpw.mods.modlauncher.TransformationServiceDecorator/MODLAUNCHER]: Initialized transformation service mixin-synthetic-package
[08Aug2024 11:22:44.252] [main/DEBUG] [cpw.mods.modlauncher.TransformationServiceDecorator/MODLAUNCHER]: Initializing transformation service fml
[08Aug2024 11:22:44.252] [main/DEBUG] [net.neoforged.fml.loading.FMLServiceProvider/CORE]: Setting up basic FML game directories
[08Aug2024 11:22:44.253] [main/DEBUG] [net.neoforged.fml.loading.FMLPaths/CORE]: Path GAMEDIR is C:\Users\ytthe\Desktop\monmods\runs\client
[08Aug2024 11:22:44.253] [main/DEBUG] [net.neoforged.fml.loading.FMLPaths/CORE]: Path MODSDIR is C:\Users\ytthe\Desktop\monmods\runs\client\mods
[08Aug2024 11:22:44.253] [main/DEBUG] [net.neoforged.fml.loading.FMLPaths/CORE]: Path CONFIGDIR is C:\Users\ytthe\Desktop\monmods\runs\client\config
[08Aug2024 11:22:44.254] [main/DEBUG] [net.neoforged.fml.loading.FMLPaths/CORE]: Path FMLCONFIG is C:\Users\ytthe\Desktop\monmods\runs\client\config\fml.toml
[08Aug2024 11:22:44.254] [main/DEBUG] [net.neoforged.fml.loading.FMLServiceProvider/CORE]: Loading configuration
[08Aug2024 11:22:44.258] [main/TRACE] [net.neoforged.fml.loading.FMLConfig/CORE]: Loaded FML config from C:\Users\ytthe\Desktop\monmods\runs\client\config\fml.toml
[08Aug2024 11:22:44.259] [main/TRACE] [net.neoforged.fml.loading.FMLConfig/CORE]: FMLConfig disableConfigWatcher is false
[08Aug2024 11:22:44.259] [main/TRACE] [net.neoforged.fml.loading.FMLConfig/CORE]: FMLConfig earlyWindowControl is true
[08Aug2024 11:22:44.259] [main/TRACE] [net.neoforged.fml.loading.FMLConfig/CORE]: FMLConfig maxThreads is 8
[08Aug2024 11:22:44.259] [main/TRACE] [net.neoforged.fml.loading.FMLConfig/CORE]: FMLConfig versionCheck is true
[08Aug2024 11:22:44.259] [main/TRACE] [net.neoforged.fml.loading.FMLConfig/CORE]: FMLConfig defaultConfigPath is defaultconfigs
[08Aug2024 11:22:44.259] [main/TRACE] [net.neoforged.fml.loading.FMLConfig/CORE]: FMLConfig disableOptimizedDFU is true
[08Aug2024 11:22:44.260] [main/TRACE] [net.neoforged.fml.loading.FMLConfig/CORE]: FMLConfig earlyWindowProvider is fmlearlywindow
[08Aug2024 11:22:44.260] [main/TRACE] [net.neoforged.fml.loading.FMLConfig/CORE]: FMLConfig earlyWindowWidth is 854
[08Aug2024 11:22:44.260] [main/TRACE] [net.neoforged.fml.loading.FMLConfig/CORE]: FMLConfig earlyWindowHeight is 480
[08Aug2024 11:22:44.260] [main/TRACE] [net.neoforged.fml.loading.FMLConfig/CORE]: FMLConfig earlyWindowFBScale is 1
[08Aug2024 11:22:44.260] [main/TRACE] [net.neoforged.fml.loading.FMLConfig/CORE]: FMLConfig earlyWindowMaximized is false
[08Aug2024 11:22:44.261] [main/TRACE] [net.neoforged.fml.loading.FMLConfig/CORE]: FMLConfig earlyWindowSkipGLVersions is []
[08Aug2024 11:22:44.261] [main/TRACE] [net.neoforged.fml.loading.FMLConfig/CORE]: FMLConfig earlyWindowSquir is false
[08Aug2024 11:22:44.264] [main/DEBUG] [net.neoforged.fml.loading.LaunchContext/SCAN]: Located paths when launch context was created: [C:\Users\ytthe\.mcreator\gradle\caches\modules-2\files-2.1\org.apache.logging.log4j\log4j-slf4j2-impl\2.22.1\d7e6693c2606cb7e7335047d7bb96dec52db5665\log4j-slf4j2-impl-2.22.1.jar, C:\Users\ytthe\.mcreator\gradle\caches\modules-2\files-2.1\io.netty\netty-handler\4.1.97.Final\abb86c6906bf512bf2b797a41cd7d2e8d3cd7c36\netty-handler-4.1.97.Final.jar, C:\Users\ytthe\.mcreator\gradle\caches\modules-2\files-2.1\org.apache.commons\commons-compress\1.26.0\659feffdd12280201c8aacb8f7be94f9a883c824\commons-compress-1.26.0.jar, C:\Users\ytthe\.mcreator\gradle\caches\modules-2\files-2.1\org.jetbrains\annotations\24.1.0\7af6a669488450c4a07c2c3254e2151df42d7d04\annotations-24.1.0.jar, C:\Users\ytthe\.mcreator\gradle\caches\modules-2\files-2.1\net.neoforged\accesstransformers\10.0.1\fd83b5725f76eae9115e9355fa1c456a6a441400\accesstransformers-10.0.1.jar, C:\Users\ytthe\.mcreator\gradle\caches\modules-2\files-2.1\org.lwjgl\lwjgl-glfw\3.3.3\32334f3fd5270a59bad9939a93115acb6de36dcf\lwjgl-glfw-3.3.3-natives-windows-x86.jar, C:\Users\ytthe\.mcreator\gradle\caches\modules-2\files-2.1\com.electronwill.night-config\toml\3.6.4\51d6cefb2b55ee55ee26b16391212fb2c7dfb4f4\toml-3.6.4.jar, C:\Users\ytthe\.mcreator\gradle\caches\modules-2\files-2.1\com.mojang\text2speech\1.17.9\3cad216e3a7f0c19b4b394388bc9ffc446f13b14\text2speech-1.17.9.jar, C:\Users\ytthe\.mcreator\gradle\caches\modules-2\files-2.1\com.machinezoo.noexception\noexception\1.7.1\b65330c98e38a1f915fa54a6e5eca496505e3f0a\noexception-1.7.1.jar, C:\Users\ytthe\.mcreator\gradle\caches\modules-2\files-2.1\net.minecrell\terminalconsoleappender\1.2.0\96d02cd3b384ff015a8fef4223bcb4ccf1717c95\terminalconsoleappender-1.2.0.jar, C:\Users\ytthe\.mcreator\gradle\caches\modules-2\files-2.1\net.neoforged\coremods\7.0.3\9147e6f638b4272b3bd5fc8f92ad37802512c6c\coremods-7.0.3.jar, C:\Users\ytthe\.mcreator\gradle\caches\modules-2\files-2.1\org.lwjgl\lwjgl-freetype\3.3.3\15a8c1de7f51d07a92eae7ce1222557073a0c0c3\lwjgl-freetype-3.3.3-natives-windows-x86.jar, C:\Users\ytthe\.mcreator\gradle\caches\modules-2\files-2.1\net.jodah\typetools\0.6.3\a01aaa6ddaea9ec07ec4f209487b7a46a526283a\typetools-0.6.3.jar, C:\Users\ytthe\.mcreator\gradle\caches\modules-2\files-2.1\cpw.mods\modlauncher\11.0.2\87260bdd037c8cca573b21850214c7def5b78bcc\modlauncher-11.0.2.jar, C:\Users\ytthe\.mcreator\gradle\caches\modules-2\files-2.1\net.neoforged.fancymodloader\loader\3.0.45\8e3c78a138ca5b19abec5b9687ae7cbffbb418bf\loader-3.0.45.jar, C:\Users\ytthe\.mcreator\gradle\caches\modules-2\files-2.1\com.mojang\authlib\6.0.54\de8bc95660e1b2fe8793fd427a7a10dcec5b3ea7\authlib-6.0.54.jar, C:\Users\ytthe\.mcreator\gradle\caches\modules-2\files-2.1\org.slf4j\slf4j-api\2.0.9\7cf2726fdcfbc8610f9a71fb3ed639871f315340\slf4j-api-2.0.9.jar, C:\Users\ytthe\.mcreator\gradle\caches\modules-2\files-2.1\org.lwjgl\lwjgl-openal\3.3.3\daada81ceb5fc0c291fbfdd4433cb8d9423577f2\lwjgl-openal-3.3.3.jar, C:\Users\ytthe\.mcreator\gradle\caches\modules-2\files-2.1\org.lwjgl\lwjgl-stb\3.3.3\25dd6161988d7e65f71d5065c99902402ee32746\lwjgl-stb-3.3.3.jar, C:\Users\ytthe\.mcreator\gradle\caches\modules-2\files-2.1\org.lwjgl\lwjgl-tinyfd\3.3.3\82d755ca94b102e9ca77283b9e2dc46d1b15fbe5\lwjgl-tinyfd-3.3.3.jar, C:\Users\ytthe\.mcreator\gradle\caches\modules-2\files-2.1\org.codehaus.plexus\plexus-utils\3.3.0\cf43b5391de623b36fe066a21127baef82c64022\plexus-utils-3.3.0.jar, C:\Users\ytthe\.mcreator\gradle\caches\modules-2\files-2.1\commons-logging\commons-logging\1.2\4bfc12adfe4842bf07b657f0369c4cb522955686\commons-logging-1.2.jar, C:\Users\ytthe\.mcreator\gradle\caches\modules-2\files-2.1\org.lwjgl\lwjgl-glfw\3.3.3\efa1eb78c5ccd840e9f329717109b5e892d72f8e\lwjgl-glfw-3.3.3.jar, C:\Users\ytthe\.mcreator\gradle\caches\modules-2\files-2.1\org.apache.commons\commons-lang3\3.14.0\1ed471194b02f2c6cb734a0cd6f6f107c673afae\commons-lang3-3.14.0.jar, C:\Users\ytthe\.mcreator\gradle\caches\modules-2\files-2.1\net.neoforged\JarJarMetadata\0.4.1\f8da03683dc81694556dc3e177c5e3bb77ae6fcb\JarJarMetadata-0.4.1.jar, C:\Users\ytthe\.mcreator\gradle\caches\modules-2\files-2.1\net.neoforged.accesstransformers\at-modlauncher\10.0.1\5aba50202aceead086bc09fbc2751c9f05cb4890\at-modlauncher-10.0.1.jar, C:\Users\ytthe\.mcreator\gradle\caches\modules-2\files-2.1\io.netty\netty-resolver\4.1.97.Final\cec8348108dc76c47cf87c669d514be52c922144\netty-resolver-4.1.97.Final.jar, C:\Users\ytthe\.mcreator\gradle\caches\modules-2\files-2.1\com.mojang\brigadier\1.2.9\73e324f2ee541493a5179abf367237faa782ed21\brigadier-1.2.9.jar, C:\Users\ytthe\.mcreator\gradle\caches\modules-2\files-2.1\org.apache.logging.log4j\log4j-api\2.22.1\bea6fede6328fabafd7e68363161a7ea6605abd1\log4j-api-2.22.1.jar, C:\Users\ytthe\.mcreator\gradle\caches\modules-2\files-2.1\com.google.guava\failureaccess\1.0.1\1dcf1de382a0bf95a3d8b0849546c88bac1292c9\failureaccess-1.0.1.jar, C:\Users\ytthe\.mcreator\gradle\caches\modules-2\files-2.1\net.java.dev.jna\jna\5.14.0\67bf3eaea4f0718cb376a181a629e5f88fa1c9dd\jna-5.14.0.jar, C:\Users\ytthe\.mcreator\gradle\caches\modules-2\files-2.1\com.mojang\patchy\2.2.10\da05971b07cbb379d002cf7eaec6a2048211fefc\patchy-2.2.10.jar, C:\Users\ytthe\.mcreator\gradle\caches\modules-2\files-2.1\net.neoforged\JarJarSelector\0.4.1\fb3cc7a58af22ad2880adb98af6d518128c47dae\JarJarSelector-0.4.1.jar, C:\Users\ytthe\.mcreator\gradle\caches\modules-2\files-2.1\net.neoforged\mergetool\2.0.3\1275202cbbb248f49345cf6787ce299afd9a02fb\mergetool-2.0.3-api.jar, C:\Users\ytthe\.mcreator\gradle\caches\modules-2\files-2.1\org.apache.logging.log4j\log4j-core\2.22.1\7183a25510a02ad00cc6a95d3b3d2a7d3c5a8dc4\log4j-core-2.22.1.jar, C:\Users\ytthe\.mcreator\gradle\caches\modules-2\files-2.1\com.electronwill.night-config\core\3.6.4\510f174abbf1c947494db50ef2445683bd52c230\core-3.6.4.jar, C:\Users\ytthe\.mcreator\gradle\caches\modules-2\files-2.1\com.ibm.icu\icu4j\73.2\61ad4ef7f9131fcf6d25c34b817f90d6da06c9e9\icu4j-73.2.jar, C:\Users\ytthe\.mcreator\gradle\caches\modules-2\files-2.1\org.antlr\antlr4-runtime\4.13.1\17125bae1d965624e265ef49552f6465a2bfa307\antlr4-runtime-4.13.1.jar, C:\Users\ytthe\.mcreator\gradle\caches\modules-2\files-2.1\org.jline\jline-terminal\3.12.1\c777448314e050d980a6b697c140f3bfe9eb7416\jline-terminal-3.12.1.jar, C:\Users\ytthe\.mcreator\gradle\caches\modules-2\files-2.1\org.apache.httpcomponents\httpcore\4.4.16\51cf043c87253c9f58b539c9f7e44c8894223850\httpcore-4.4.16.jar, C:\Users\ytthe\.mcreator\gradle\caches\modules-2\files-2.1\com.mojang\datafixerupper\7.0.14\db3485dc1e6b712bd81170d5ce6dca2fb2f8bd86\datafixerupper-7.0.14.jar, C:\Users\ytthe\.mcreator\gradle\caches\modules-2\files-2.1\org.jline\jline-reader\3.12.1\4382ab1382c7b6f379377ed5f665dc2f6e1218bc\jline-reader-3.12.1.jar, C:\Users\ytthe\.mcreator\gradle\caches\modules-2\files-2.1\org.lwjgl\lwjgl-opengl\3.3.3\2f6b0147078396a58979125a4c947664e98293a\lwjgl-opengl-3.3.3.jar, C:\Users\ytthe\.mcreator\gradle\caches\modules-2\files-2.1\it.unimi.dsi\fastutil\8.5.12\c24946d46824bd528054bface3231d2ecb7e95e8\fastutil-8.5.12.jar, C:\Users\ytthe\.mcreator\gradle\caches\modules-2\files-2.1\com.github.oshi\oshi-core\6.4.10\b1d8ab82d11d92fd639b56d639f8f46f739dd5fa\oshi-core-6.4.10.jar, C:\Users\ytthe\.mcreator\gradle\caches\modules-2\files-2.1\com.google.code.findbugs\jsr305\3.0.2\25ea2e8b0c338a877313bd4672d3fe056ea78f0d\jsr305-3.0.2.jar, C:\Users\ytthe\.mcreator\gradle\caches\modules-2\files-2.1\org.lwjgl\lwjgl-jemalloc\3.3.3\426222fc027602a5f21b9c0fe79cde6a4c7a011f\lwjgl-jemalloc-3.3.3-natives-windows.jar, C:\Users\ytthe\.mcreator\gradle\caches\modules-2\files-2.1\net.sf.jopt-simple\jopt-simple\5.0.4\4fdac2fbe92dfad86aa6e9301736f6b4342a3f5c\jopt-simple-5.0.4.jar, C:\Users\ytthe\.mcreator\gradle\caches\modules-2\files-2.1\org.checkerframework\checker-qual\3.33.0\de2b60b62da487644fc11f734e73c8b0b431238f\checker-qual-3.33.0.jar, C:\Users\ytthe\.mcreator\gradle\caches\modules-2\files-2.1\io.netty\netty-transport-classes-epoll\4.1.97.Final\795da37ded759e862457a82d9d92c4d39ce8ecee\netty-transport-classes-epoll-4.1.97.Final.jar, C:\Users\ytthe\.mcreator\gradle\caches\modules-2\files-2.1\io.netty\netty-common\4.1.97.Final\7cceacaf11df8dc63f23d0fb58e9d4640fc88404\netty-common-4.1.97.Final.jar, C:\Users\ytthe\.mcreator\gradle\caches\modules-2\files-2.1\commons-codec\commons-codec\1.16.0\4e3eb3d79888d76b54e28b350915b5dc3919c9de\commons-codec-1.16.0.jar, C:\Users\ytthe\.mcreator\gradle\caches\modules-2\files-2.1\com.google.guava\guava\32.1.2-jre\5e64ec7e056456bef3a4bc4c6fdaef71e8ab6318\guava-32.1.2-jre.jar, C:\Users\ytthe\.mcreator\gradle\caches\modules-2\files-2.1\io.netty\netty-codec\4.1.97.Final\384ba4d75670befbedb45c4d3b497a93639c206d\netty-codec-4.1.97.Final.jar, C:\Users\ytthe\Desktop\monmods\.gradle\repositories\ng_dummy_ng\net\minecraft\client\1.20.6\client-1.20.6-client-extra.jar, C:\Users\ytthe\.mcreator\gradle\caches\modules-2\files-2.1\org.lwjgl\lwjgl-opengl\3.3.3\65e956d3735a1abdc82eff4baec1b61174697d4b\lwjgl-opengl-3.3.3-natives-windows-arm64.jar, C:\Users\ytthe\.mcreator\gradle\caches\modules-2\files-2.1\org.jcraft\jorbis\0.0.17\8872d22b293e8f5d7d56ff92be966e6dc28ebdc6\jorbis-0.0.17.jar, C:\Users\ytthe\.mcreator\gradle\caches\modules-2\files-2.1\org.lwjgl\lwjgl-freetype\3.3.3\a0db6c84a8becc8ca05f9dbfa985edc348a824c7\lwjgl-freetype-3.3.3.jar, C:\Users\ytthe\.mcreator\gradle\caches\modules-2\files-2.1\net.fabricmc\sponge-mixin\0.13.4+mixin.0.8.5\8adf0cff1795a169141b9e16ad7b9f6e2527a990\sponge-mixin-0.13.4+mixin.0.8.5.jar, C:\Users\ytthe\.mcreator\gradle\caches\modules-2\files-2.1\net.java.dev.jna\jna-platform\5.14.0\28934d48aed814f11e4c584da55c49fa7032b31b\jna-platform-5.14.0.jar, C:\Users\ytthe\.mcreator\gradle\caches\modules-2\files-2.1\org.lwjgl\lwjgl\3.3.3\9e670718e050aeaeea0c2d5b907cffb142f2e58f\lwjgl-3.3.3-natives-windows-x86.jar, C:\Users\ytthe\.mcreator\gradle\caches\modules-2\files-2.1\org.lwjgl\lwjgl-openal\3.3.3\87b8d5050e3adb46bb58fe1cb2669a4a48fce10d\lwjgl-openal-3.3.3-natives-windows-x86.jar, C:\Users\ytthe\.mcreator\gradle\caches\modules-2\files-2.1\com.google.guava\listenablefuture\9999.0-empty-to-avoid-conflict-with-guava\b421526c5f297295adef1c886e5246c39d4ac629\listenablefuture-9999.0-empty-to-avoid-conflict-with-guava.jar, C:\Users\ytthe\.mcreator\gradle\caches\modules-2\files-2.1\org.lwjgl\lwjgl-stb\3.3.3\1d9facdf6541de114b0f963be33505b7679c78cb\lwjgl-stb-3.3.3-natives-windows.jar, C:\Users\ytthe\.mcreator\gradle\caches\modules-2\files-2.1\com.google.errorprone\error_prone_annotations\2.18.0\89b684257096f548fa39a7df9fdaa409d4d4df91\error_prone_annotations-2.18.0.jar, C:\Users\ytthe\.mcreator\gradle\caches\modules-2\files-2.1\org.lwjgl\lwjgl-tinyfd\3.3.3\a6697981b0449a5087c1d546fc08b4f73e8f98c9\lwjgl-tinyfd-3.3.3-natives-windows.jar, C:\Users\ytthe\.mcreator\gradle\caches\modules-2\files-2.1\commons-io\commons-io\2.15.1\f11560da189ab563a5c8e351941415430e9304ea\commons-io-2.15.1.jar, C:\Users\ytthe\.mcreator\gradle\caches\modules-2\files-2.1\net.neoforged\neoform\1.20.6-20240429.153634\584015c98bfc09dc469bf9d84f269a31145a2766\neoform-1.20.6-20240429.153634.zip, C:\Users\ytthe\.mcreator\gradle\caches\modules-2\files-2.1\io.netty\netty-transport-native-unix-common\4.1.97.Final\d469d84265ab70095b01b40886cabdd433b6e664\netty-transport-native-unix-common-4.1.97.Final.jar, C:\Users\ytthe\.mcreator\gradle\caches\modules-2\files-2.1\io.netty\netty-buffer\4.1.97.Final\f8f3d8644afa5e6e1a40a3a6aeb9d9aa970ecb4f\netty-buffer-4.1.97.Final.jar, C:\Users\ytthe\.mcreator\gradle\caches\modules-2\files-2.1\net.minecraftforge\unsafe\0.2.0\54d7a0a5e8fdb71b973025caa46f341ae5904f39\unsafe-0.2.0.jar, C:\Users\ytthe\.mcreator\gradle\caches\modules-2\files-2.1\ca.weblite\java-objc-bridge\1.1\1227f9e0666314f9de41477e3ec277e542ed7f7b\java-objc-bridge-1.1.jar, C:\Users\ytthe\.mcreator\gradle\caches\modules-2\files-2.1\com.mojang\logging\1.2.7\24cb95ffb0e3433fd6e844c04e68009e504ca1c0\logging-1.2.7.jar, C:\Users\ytthe\.mcreator\gradle\caches\modules-2\files-2.1\org.apache.maven\maven-artifact\3.8.5\4433f50c07debefaed0553bd0068f4f48d449313\maven-artifact-3.8.5.jar, C:\Users\ytthe\.mcreator\gradle\caches\modules-2\files-2.1\org.lz4\lz4-java\1.8.0\4b986a99445e49ea5fbf5d149c4b63f6ed6c6780\lz4-java-1.8.0.jar, C:\Users\ytthe\.mcreator\gradle\caches\modules-2\files-2.1\net.neoforged\bus\8.0.1\9df0ed904cec279eb33ca6df420f6f82706ebb4c\bus-8.0.1.jar, C:\Users\ytthe\.mcreator\gradle\caches\modules-2\files-2.1\io.netty\netty-transport\4.1.97.Final\f37380d23c9bb079bc702910833b2fd532c9abd0\netty-transport-4.1.97.Final.jar, C:\Users\ytthe\.mcreator\gradle\caches\modules-2\files-2.1\net.minecraftforge\srgutils\0.4.15\ca408b131759478f164e010fae0d73997e125fb5\srgutils-0.4.15.jar, C:\Users\ytthe\.mcreator\gradle\caches\modules-2\files-2.1\org.apache.httpcomponents\httpclient\4.5.13\e5f6cae5ca7ecaac1ec2827a9e2d65ae2869cada\httpclient-4.5.13.jar, C:\Users\ytthe\.mcreator\gradle\caches\modules-2\files-2.1\com.google.code.gson\gson\2.10.1\b3add478d4382b78ea20b1671390a858002feb6c\gson-2.10.1.jar, C:\Users\ytthe\.mcreator\gradle\caches\modules-2\files-2.1\com.google.j2objc\j2objc-annotations\2.8\c85270e307e7b822f1086b93689124b89768e273\j2objc-annotations-2.8.jar, C:\Users\ytthe\.mcreator\gradle\caches\modules-2\files-2.1\org.lwjgl\lwjgl\3.3.3\29589b5f87ed335a6c7e7ee6a5775f81f97ecb84\lwjgl-3.3.3.jar, C:\Users\ytthe\.mcreator\gradle\caches\modules-2\files-2.1\org.lwjgl\lwjgl-jemalloc\3.3.3\b543467b7ff3c6920539a88ee602d34098628be5\lwjgl-jemalloc-3.3.3.jar, C:\Users\ytthe\.mcreator\gradle\caches\modules-2\files-2.1\org.openjdk.nashorn\nashorn-core\15.4\f67f5ffaa5f5130cf6fb9b133da00c7df3b532a5\nashorn-core-15.4.jar, C:\Users\ytthe\.mcreator\gradle\caches\modules-2\files-2.1\org.joml\joml\1.10.5\22566d58af70ad3d72308bab63b8339906deb649\joml-1.10.5.jar, C:\Users\ytthe\.mcreator\gradle\caches\modules-2\files-2.1\com.mojang\blocklist\1.0.10\5c685c5ffa94c4cd39496c7184c1d122e515ecef\blocklist-1.0.10.jar, C:\Users\ytthe\.mcreator\gradle\caches\modules-2\files-2.1\net.neoforged.fancymodloader\earlydisplay\3.0.45\fba2bb2cd007009e4daab37caa7c9149e3ded962\earlydisplay-3.0.45.jar]
[08Aug2024 11:22:44.265] [main/DEBUG] [net.neoforged.fml.loading.FMLServiceProvider/CORE]: Preparing launch handler
[08Aug2024 11:22:44.265] [main/DEBUG] [net.neoforged.fml.loading.FMLLoader/CORE]: Using forgeclientuserdev as launch service
[08Aug2024 11:22:44.266] [main/DEBUG] [net.neoforged.fml.common.asm.RuntimeDistCleaner/DISTXFORM]: Configuring for Dist CLIENT
[08Aug2024 11:22:44.268] [main/DEBUG] [cpw.mods.modlauncher.TransformationServiceDecorator/MODLAUNCHER]: Initialized transformation service fml
[08Aug2024 11:22:44.269] [main/DEBUG] [cpw.mods.modlauncher.TransformationServicesHandler/MODLAUNCHER]: Transformation services begin scanning
[08Aug2024 11:22:44.270] [main/DEBUG] [cpw.mods.modlauncher.TransformationServiceDecorator/MODLAUNCHER]: Beginning scan trigger - transformation service mixin
[08Aug2024 11:22:44.270] [main/DEBUG] [cpw.mods.modlauncher.TransformationServiceDecorator/MODLAUNCHER]: End scan trigger - transformation service mixin
[08Aug2024 11:22:44.270] [main/DEBUG] [cpw.mods.modlauncher.TransformationServiceDecorator/MODLAUNCHER]: Beginning scan trigger - transformation service mixin-synthetic-package
[08Aug2024 11:22:44.398] [main/DEBUG] [cpw.mods.modlauncher.TransformationServiceDecorator/MODLAUNCHER]: End scan trigger - transformation service mixin-synthetic-package
[08Aug2024 11:22:44.398] [main/DEBUG] [cpw.mods.modlauncher.TransformationServiceDecorator/MODLAUNCHER]: Beginning scan trigger - transformation service fml
[08Aug2024 11:22:44.398] [main/DEBUG] [net.neoforged.fml.loading.FMLServiceProvider/CORE]: Initiating mod scan
[08Aug2024 11:22:44.401] [main/DEBUG] [net.neoforged.fml.loading.targets.CommonLaunchHandler/CORE]: Got mod coordinates monmods%%C:\Users\ytthe\Desktop\monmods\build\resources\main;monmods%%C:\Users\ytthe\Desktop\monmods\build\classes\java\main from env
[08Aug2024 11:22:44.401] [main/DEBUG] [net.neoforged.fml.loading.targets.CommonLaunchHandler/CORE]: Found supplied mod coordinates [{monmods=[C:\Users\ytthe\Desktop\monmods\build\resources\main, C:\Users\ytthe\Desktop\monmods\build\classes\java\main]}]
[08Aug2024 11:22:44.420] [main/DEBUG] [net.neoforged.fml.util.ServiceLoaderUtil/CORE]: Found 4 implementations of IModFileCandidateLocator:
[08Aug2024 11:22:44.421] [main/DEBUG] [net.neoforged.fml.util.ServiceLoaderUtil/CORE]: 	       0 - [built-in] net.neoforged.fml.loading.moddiscovery.locators.NeoForgeDevProvider from loader-3.0.45.jar
[08Aug2024 11:22:44.421] [main/DEBUG] [net.neoforged.fml.util.ServiceLoaderUtil/CORE]: 	       0 - net.neoforged.fml.loading.moddiscovery.locators.ModsFolderLocator from loader-3.0.45.jar
[08Aug2024 11:22:44.422] [main/DEBUG] [net.neoforged.fml.util.ServiceLoaderUtil/CORE]: 	       0 - net.neoforged.fml.loading.moddiscovery.locators.MavenDirectoryLocator from loader-3.0.45.jar
[08Aug2024 11:22:44.422] [main/DEBUG] [net.neoforged.fml.util.ServiceLoaderUtil/CORE]: 	   -1000 - [built-in] net.neoforged.fml.loading.moddiscovery.locators.UserdevLocator from loader-3.0.45.jar
[08Aug2024 11:22:44.428] [main/DEBUG] [net.neoforged.fml.util.ServiceLoaderUtil/CORE]: Found 2 implementations of IModFileReader:
[08Aug2024 11:22:44.428] [main/DEBUG] [net.neoforged.fml.util.ServiceLoaderUtil/CORE]: 	       0 - net.neoforged.fml.loading.moddiscovery.readers.JarModsDotTomlModFileReader from loader-3.0.45.jar
[08Aug2024 11:22:44.429] [main/DEBUG] [net.neoforged.fml.util.ServiceLoaderUtil/CORE]: 	   -1000 - net.neoforged.fml.loading.moddiscovery.readers.NestedLibraryModReader from loader-3.0.45.jar
[08Aug2024 11:22:44.430] [main/DEBUG] [net.neoforged.fml.util.ServiceLoaderUtil/CORE]: Found 1 implementations of IDependencyLocator:
[08Aug2024 11:22:44.431] [main/DEBUG] [net.neoforged.fml.util.ServiceLoaderUtil/CORE]: 	net.neoforged.fml.loading.moddiscovery.locators.JarInJarDependencyLocator from loader-3.0.45.jar
[08Aug2024 11:22:44.431] [main/DEBUG] [net.neoforged.fml.loading.moddiscovery.ModDiscoverer/SCAN]: Scanning for mods and other resources to load. We know 4 ways to find mods
[08Aug2024 11:22:44.432] [main/DEBUG] [net.neoforged.fml.loading.moddiscovery.ModDiscoverer/SCAN]: Trying locator neoforge devenv provider ([C:\Users\ytthe\Desktop\monmods\.gradle\repositories\ng_dummy_ng\net\neoforged\neoforge\20.6.117\neoforge-20.6.117.jar])
[08Aug2024 11:22:44.914] [pool-2-thread-1/INFO] [EARLYDISPLAY/]: GL info: Intel(R) UHD Graphics GL version 4.6.0 - Build 27.20.100.8280, Intel
[08Aug2024 11:22:45.067] [main/DEBUG] [net.neoforged.fml.loading.moddiscovery.ModFileInfo/LOADING]: Found valid mod file neoforge-20.6.117.jar with {minecraft} mods - versions {1.20.6}
[08Aug2024 11:22:45.068] [main/INFO] [net.neoforged.fml.loading.moddiscovery.ModDiscoverer/SCAN]: Found mod file "neoforge-20.6.117.jar" [locator: neoforge devenv provider ([C:\Users\ytthe\Desktop\monmods\.gradle\repositories\ng_dummy_ng\net\neoforged\neoforge\20.6.117\neoforge-20.6.117.jar])]
[08Aug2024 11:22:45.086] [main/DEBUG] [net.neoforged.fml.loading.moddiscovery.readers.JarModsDotTomlModFileReader/SCAN]: Found META-INF/neoforge.mods.toml mod of type null: C:\Users\ytthe\Desktop\monmods\.gradle\repositories\ng_dummy_ng\net\neoforged\neoforge\20.6.117\neoforge-20.6.117.jar
[08Aug2024 11:22:45.087] [main/DEBUG] [net.neoforged.fml.loading.moddiscovery.ModFileParser/LOADING]: Considering mod file candidate C:\Users\ytthe\Desktop\monmods\.gradle\repositories\ng_dummy_ng\net\neoforged\neoforge\20.6.117\neoforge-20.6.117.jar
[08Aug2024 11:22:45.106] [main/DEBUG] [net.neoforged.fml.loading.moddiscovery.ModFileInfo/LOADING]: Found valid mod file neoforge-20.6.117.jar with {neoforge} mods - versions {20.6.117}
[08Aug2024 11:22:45.106] [main/INFO] [net.neoforged.fml.loading.moddiscovery.ModDiscoverer/SCAN]: Found mod file "neoforge-20.6.117.jar" [locator: neoforge devenv provider ([C:\Users\ytthe\Desktop\monmods\.gradle\repositories\ng_dummy_ng\net\neoforged\neoforge\20.6.117\neoforge-20.6.117.jar])]
[08Aug2024 11:22:45.106] [main/DEBUG] [net.neoforged.fml.loading.moddiscovery.ModDiscoverer/SCAN]: Locator neoforge devenv provider ([C:\Users\ytthe\Desktop\monmods\.gradle\repositories\ng_dummy_ng\net\neoforged\neoforge\20.6.117\neoforge-20.6.117.jar]) found 2 mods, 0 warnings, 0 errors and skipped 0 candidates
[08Aug2024 11:22:45.107] [main/DEBUG] [net.neoforged.fml.loading.moddiscovery.ModDiscoverer/SCAN]: Trying locator {mods folder locator at C:\Users\ytthe\Desktop\monmods\runs\client\mods}
[08Aug2024 11:22:45.107] [main/DEBUG] [net.neoforged.fml.loading.moddiscovery.locators.ModsFolderLocator/SCAN]: Scanning mods dir C:\Users\ytthe\Desktop\monmods\runs\client\mods for mods
[08Aug2024 11:22:45.110] [main/DEBUG] [net.neoforged.fml.loading.moddiscovery.ModDiscoverer/SCAN]: Locator {mods folder locator at C:\Users\ytthe\Desktop\monmods\runs\client\mods} found 0 mods, 0 warnings, 0 errors and skipped 0 candidates
[08Aug2024 11:22:45.111] [main/DEBUG] [net.neoforged.fml.loading.moddiscovery.ModDiscoverer/SCAN]: Trying locator maven libs
[08Aug2024 11:22:45.121] [main/DEBUG] [net.neoforged.fml.loading.moddiscovery.ModListHandler/CORE]: Found mod coordinates from lists: []
[08Aug2024 11:22:45.121] [main/DEBUG] [net.neoforged.fml.loading.moddiscovery.ModDiscoverer/SCAN]: Locator maven libs found 0 mods, 0 warnings, 0 errors and skipped 0 candidates
[08Aug2024 11:22:45.122] [main/DEBUG] [net.neoforged.fml.loading.moddiscovery.ModDiscoverer/SCAN]: Trying locator userdev mods and services
[08Aug2024 11:22:45.127] [main/DEBUG] [net.neoforged.fml.loading.moddiscovery.readers.JarModsDotTomlModFileReader/SCAN]: Found META-INF/neoforge.mods.toml mod of type null: C:\Users\ytthe\Desktop\monmods\build\resources\main
[08Aug2024 11:22:45.127] [main/DEBUG] [net.neoforged.fml.loading.moddiscovery.ModFileParser/LOADING]: Considering mod file candidate C:\Users\ytthe\Desktop\monmods\build\resources\main
[08Aug2024 11:22:45.141] [main/DEBUG] [net.neoforged.fml.loading.moddiscovery.ModFileInfo/LOADING]: Found valid mod file main with {more_vanilla} mods - versions {1}
[08Aug2024 11:22:45.141] [main/INFO] [net.neoforged.fml.loading.moddiscovery.ModDiscoverer/SCAN]: Found mod file "main" [locator: userdev mods and services, reader: mod manifest]
[08Aug2024 11:22:45.169] [main/DEBUG] [net.neoforged.fml.loading.moddiscovery.readers.JarModsDotTomlModFileReader/SCAN]: Found META-INF/neoforge.mods.toml mod of type null: C:\Users\ytthe\Desktop\monmods\.gradle\repositories\ng_dummy_ng\net\neoforged\neoforge\20.6.117\neoforge-20.6.117.jar
[08Aug2024 11:22:45.169] [main/DEBUG] [net.neoforged.fml.loading.moddiscovery.ModFileParser/LOADING]: Considering mod file candidate C:\Users\ytthe\Desktop\monmods\.gradle\repositories\ng_dummy_ng\net\neoforged\neoforge\20.6.117\neoforge-20.6.117.jar
[08Aug2024 11:22:45.173] [main/DEBUG] [net.neoforged.fml.loading.moddiscovery.ModFileInfo/LOADING]: Found valid mod file neoforge-20.6.117.jar with {neoforge} mods - versions {20.6.117}
[08Aug2024 11:22:45.174] [main/INFO] [net.neoforged.fml.loading.moddiscovery.ModDiscoverer/SCAN]: Found mod file "neoforge-20.6.117.jar" [locator: userdev mods and services, reader: mod manifest]
[08Aug2024 11:22:45.229] [main/DEBUG] [net.neoforged.fml.loading.moddiscovery.ModDiscoverer/]: Skipping C:\Users\ytthe\.mcreator\gradle\caches\modules-2\files-2.1\net.neoforged.fancymodloader\earlydisplay\3.0.45\fba2bb2cd007009e4daab37caa7c9149e3ded962\earlydisplay-3.0.45.jar because it was already located earlier
[08Aug2024 11:22:45.229] [main/DEBUG] [net.neoforged.fml.loading.moddiscovery.ModDiscoverer/]: Skipping C:\Users\ytthe\.mcreator\gradle\caches\modules-2\files-2.1\net.neoforged.fancymodloader\loader\3.0.45\8e3c78a138ca5b19abec5b9687ae7cbffbb418bf\loader-3.0.45.jar because it was already located earlier
[08Aug2024 11:22:45.229] [main/DEBUG] [net.neoforged.fml.loading.moddiscovery.ModDiscoverer/]: Skipping C:\Users\ytthe\.mcreator\gradle\caches\modules-2\files-2.1\net.neoforged\coremods\7.0.3\9147e6f638b4272b3bd5fc8f92ad37802512c6c\coremods-7.0.3.jar because it was already located earlier
[08Aug2024 11:22:45.229] [main/DEBUG] [net.neoforged.fml.loading.moddiscovery.ModDiscoverer/]: Skipping C:\Users\ytthe\.mcreator\gradle\caches\modules-2\files-2.1\cpw.mods\modlauncher\11.0.2\87260bdd037c8cca573b21850214c7def5b78bcc\modlauncher-11.0.2.jar because it was already located earlier
[08Aug2024 11:22:45.229] [main/DEBUG] [net.neoforged.fml.loading.moddiscovery.ModDiscoverer/]: Skipping C:\Users\ytthe\.mcreator\gradle\caches\modules-2\files-2.1\net.neoforged.accesstransformers\at-modlauncher\10.0.1\5aba50202aceead086bc09fbc2751c9f05cb4890\at-modlauncher-10.0.1.jar because it was already located earlier
[08Aug2024 11:22:45.230] [main/DEBUG] [net.neoforged.fml.loading.moddiscovery.ModDiscoverer/]: Skipping C:\Users\ytthe\.mcreator\gradle\caches\modules-2\files-2.1\net.neoforged\accesstransformers\10.0.1\fd83b5725f76eae9115e9355fa1c456a6a441400\accesstransformers-10.0.1.jar because it was already located earlier
[08Aug2024 11:22:45.230] [main/DEBUG] [net.neoforged.fml.loading.moddiscovery.ModDiscoverer/]: Skipping C:\Users\ytthe\.mcreator\gradle\caches\modules-2\files-2.1\org.openjdk.nashorn\nashorn-core\15.4\f67f5ffaa5f5130cf6fb9b133da00c7df3b532a5\nashorn-core-15.4.jar because it was already located earlier
[08Aug2024 11:22:45.230] [main/DEBUG] [net.neoforged.fml.loading.moddiscovery.ModDiscoverer/]: Skipping C:\Users\ytthe\.mcreator\gradle\caches\modules-2\files-2.1\net.neoforged\mergetool\2.0.3\1275202cbbb248f49345cf6787ce299afd9a02fb\mergetool-2.0.3-api.jar because it was already located earlier
[08Aug2024 11:22:45.230] [main/DEBUG] [net.neoforged.fml.loading.moddiscovery.ModDiscoverer/]: Skipping C:\Users\ytthe\.mcreator\gradle\caches\modules-2\files-2.1\net.neoforged\bus\8.0.1\9df0ed904cec279eb33ca6df420f6f82706ebb4c\bus-8.0.1.jar because it was already located earlier
[08Aug2024 11:22:45.230] [main/DEBUG] [net.neoforged.fml.loading.moddiscovery.ModDiscoverer/]: Skipping C:\Users\ytthe\.mcreator\gradle\caches\modules-2\files-2.1\net.minecraftforge\unsafe\0.2.0\54d7a0a5e8fdb71b973025caa46f341ae5904f39\unsafe-0.2.0.jar because it was already located earlier
[08Aug2024 11:22:45.231] [main/DEBUG] [net.neoforged.fml.loading.moddiscovery.ModDiscoverer/]: Skipping C:\Users\ytthe\.mcreator\gradle\caches\modules-2\files-2.1\com.electronwill.night-config\toml\3.6.4\51d6cefb2b55ee55ee26b16391212fb2c7dfb4f4\toml-3.6.4.jar because it was already located earlier
[08Aug2024 11:22:45.231] [main/DEBUG] [net.neoforged.fml.loading.moddiscovery.ModDiscoverer/]: Skipping C:\Users\ytthe\.mcreator\gradle\caches\modules-2\files-2.1\com.electronwill.night-config\core\3.6.4\510f174abbf1c947494db50ef2445683bd52c230\core-3.6.4.jar because it was already located earlier
[08Aug2024 11:22:45.231] [main/DEBUG] [net.neoforged.fml.loading.moddiscovery.ModDiscoverer/]: Skipping C:\Users\ytthe\.mcreator\gradle\caches\modules-2\files-2.1\net.neoforged\JarJarSelector\0.4.1\fb3cc7a58af22ad2880adb98af6d518128c47dae\JarJarSelector-0.4.1.jar because it was already located earlier
[08Aug2024 11:22:45.231] [main/DEBUG] [net.neoforged.fml.loading.moddiscovery.ModDiscoverer/]: Skipping C:\Users\ytthe\.mcreator\gradle\caches\modules-2\files-2.1\net.neoforged\JarJarMetadata\0.4.1\f8da03683dc81694556dc3e177c5e3bb77ae6fcb\JarJarMetadata-0.4.1.jar because it was already located earlier
[08Aug2024 11:22:45.231] [main/DEBUG] [net.neoforged.fml.loading.moddiscovery.ModDiscoverer/]: Skipping C:\Users\ytthe\.mcreator\gradle\caches\modules-2\files-2.1\org.apache.maven\maven-artifact\3.8.5\4433f50c07debefaed0553bd0068f4f48d449313\maven-artifact-3.8.5.jar because it was already located earlier
[08Aug2024 11:22:45.231] [main/DEBUG] [net.neoforged.fml.loading.moddiscovery.ModDiscoverer/]: Skipping C:\Users\ytthe\.mcreator\gradle\caches\modules-2\files-2.1\net.jodah\typetools\0.6.3\a01aaa6ddaea9ec07ec4f209487b7a46a526283a\typetools-0.6.3.jar because it was already located earlier
[08Aug2024 11:22:45.231] [main/DEBUG] [net.neoforged.fml.loading.moddiscovery.ModDiscoverer/]: Skipping C:\Users\ytthe\.mcreator\gradle\caches\modules-2\files-2.1\net.minecrell\terminalconsoleappender\1.2.0\96d02cd3b384ff015a8fef4223bcb4ccf1717c95\terminalconsoleappender-1.2.0.jar because it was already located earlier
[08Aug2024 11:22:45.231] [main/DEBUG] [net.neoforged.fml.loading.moddiscovery.ModDiscoverer/]: Skipping C:\Users\ytthe\.mcreator\gradle\caches\modules-2\files-2.1\net.fabricmc\sponge-mixin\0.13.4+mixin.0.8.5\8adf0cff1795a169141b9e16ad7b9f6e2527a990\sponge-mixin-0.13.4+mixin.0.8.5.jar because it was already located earlier
[08Aug2024 11:22:45.233] [main/DEBUG] [net.neoforged.fml.loading.moddiscovery.ModDiscoverer/]: Skipping C:\Users\ytthe\.mcreator\gradle\caches\modules-2\files-2.1\com.mojang\authlib\6.0.54\de8bc95660e1b2fe8793fd427a7a10dcec5b3ea7\authlib-6.0.54.jar because it was already located earlier
[08Aug2024 11:22:45.233] [main/DEBUG] [net.neoforged.fml.loading.moddiscovery.ModDiscoverer/]: Skipping C:\Users\ytthe\.mcreator\gradle\caches\modules-2\files-2.1\org.apache.commons\commons-compress\1.26.0\659feffdd12280201c8aacb8f7be94f9a883c824\commons-compress-1.26.0.jar because it was already located earlier
[08Aug2024 11:22:45.233] [main/DEBUG] [net.neoforged.fml.loading.moddiscovery.ModDiscoverer/]: Skipping C:\Users\ytthe\.mcreator\gradle\caches\modules-2\files-2.1\org.apache.commons\commons-lang3\3.14.0\1ed471194b02f2c6cb734a0cd6f6f107c673afae\commons-lang3-3.14.0.jar because it was already located earlier
[08Aug2024 11:22:45.233] [main/DEBUG] [net.neoforged.fml.loading.moddiscovery.ModDiscoverer/]: Skipping C:\Users\ytthe\.mcreator\gradle\caches\modules-2\files-2.1\com.mojang\logging\1.2.7\24cb95ffb0e3433fd6e844c04e68009e504ca1c0\logging-1.2.7.jar because it was already located earlier
[08Aug2024 11:22:45.233] [main/DEBUG] [net.neoforged.fml.loading.moddiscovery.ModDiscoverer/]: Skipping C:\Users\ytthe\.mcreator\gradle\caches\modules-2\files-2.1\org.apache.logging.log4j\log4j-slf4j2-impl\2.22.1\d7e6693c2606cb7e7335047d7bb96dec52db5665\log4j-slf4j2-impl-2.22.1.jar because it was already located earlier
[08Aug2024 11:22:45.234] [main/DEBUG] [net.neoforged.fml.loading.moddiscovery.ModDiscoverer/]: Skipping C:\Users\ytthe\.mcreator\gradle\caches\modules-2\files-2.1\org.apache.logging.log4j\log4j-core\2.22.1\7183a25510a02ad00cc6a95d3b3d2a7d3c5a8dc4\log4j-core-2.22.1.jar because it was already located earlier
[08Aug2024 11:22:45.234] [main/DEBUG] [net.neoforged.fml.loading.moddiscovery.ModDiscoverer/]: Skipping C:\Users\ytthe\.mcreator\gradle\caches\modules-2\files-2.1\org.apache.logging.log4j\log4j-api\2.22.1\bea6fede6328fabafd7e68363161a7ea6605abd1\log4j-api-2.22.1.jar because it was already located earlier
[08Aug2024 11:22:45.238] [main/DEBUG] [net.neoforged.fml.loading.moddiscovery.readers.JarModsDotTomlModFileReader/SCAN]: Found META-INF/MANIFEST.MF mod of type GAMELIBRARY: C:\Users\ytthe\.mcreator\gradle\caches\modules-2\files-2.1\io.github.llamalad7\mixinextras-neoforge\0.3.5\ef3ffcf309dae656517b2f120189b1c9b21737dd\mixinextras-neoforge-0.3.5.jar
[08Aug2024 11:22:45.244] [main/INFO] [net.neoforged.fml.loading.moddiscovery.ModDiscoverer/SCAN]: Found gamelibrary file "mixinextras-neoforge-0.3.5.jar" [locator: userdev mods and services, reader: mod manifest]
[08Aug2024 11:22:45.244] [main/DEBUG] [net.neoforged.fml.loading.moddiscovery.ModDiscoverer/]: Skipping C:\Users\ytthe\.mcreator\gradle\caches\modules-2\files-2.1\com.github.oshi\oshi-core\6.4.10\b1d8ab82d11d92fd639b56d639f8f46f739dd5fa\oshi-core-6.4.10.jar because it was already located earlier
[08Aug2024 11:22:45.245] [main/DEBUG] [net.neoforged.fml.loading.moddiscovery.ModDiscoverer/]: Skipping C:\Users\ytthe\.mcreator\gradle\caches\modules-2\files-2.1\com.mojang\datafixerupper\7.0.14\db3485dc1e6b712bd81170d5ce6dca2fb2f8bd86\datafixerupper-7.0.14.jar because it was already located earlier
[08Aug2024 11:22:45.245] [main/DEBUG] [net.neoforged.fml.loading.moddiscovery.ModDiscoverer/]: Skipping C:\Users\ytthe\.mcreator\gradle\caches\modules-2\files-2.1\com.mojang\text2speech\1.17.9\3cad216e3a7f0c19b4b394388bc9ffc446f13b14\text2speech-1.17.9.jar because it was already located earlier
[08Aug2024 11:22:45.245] [main/DEBUG] [net.neoforged.fml.loading.moddiscovery.ModDiscoverer/]: Skipping C:\Users\ytthe\.mcreator\gradle\caches\modules-2\files-2.1\org.slf4j\slf4j-api\2.0.9\7cf2726fdcfbc8610f9a71fb3ed639871f315340\slf4j-api-2.0.9.jar because it was already located earlier
[08Aug2024 11:22:45.245] [main/DEBUG] [net.neoforged.fml.loading.moddiscovery.ModDiscoverer/]: Skipping C:\Users\ytthe\.mcreator\gradle\caches\modules-2\files-2.1\com.google.code.gson\gson\2.10.1\b3add478d4382b78ea20b1671390a858002feb6c\gson-2.10.1.jar because it was already located earlier
[08Aug2024 11:22:45.245] [main/DEBUG] [net.neoforged.fml.loading.moddiscovery.ModDiscoverer/]: Skipping C:\Users\ytthe\.mcreator\gradle\caches\modules-2\files-2.1\com.mojang\patchy\2.2.10\da05971b07cbb379d002cf7eaec6a2048211fefc\patchy-2.2.10.jar because it was already located earlier
[08Aug2024 11:22:45.246] [main/DEBUG] [net.neoforged.fml.loading.moddiscovery.ModDiscoverer/]: Skipping C:\Users\ytthe\.mcreator\gradle\caches\modules-2\files-2.1\com.google.guava\guava\32.1.2-jre\5e64ec7e056456bef3a4bc4c6fdaef71e8ab6318\guava-32.1.2-jre.jar because it was already located earlier
[08Aug2024 11:22:45.246] [main/DEBUG] [net.neoforged.fml.loading.moddiscovery.ModDiscoverer/]: Skipping C:\Users\ytthe\.mcreator\gradle\caches\modules-2\files-2.1\com.google.guava\failureaccess\1.0.1\1dcf1de382a0bf95a3d8b0849546c88bac1292c9\failureaccess-1.0.1.jar because it was already located earlier
[08Aug2024 11:22:45.246] [main/DEBUG] [net.neoforged.fml.loading.moddiscovery.ModDiscoverer/]: Skipping C:\Users\ytthe\.mcreator\gradle\caches\modules-2\files-2.1\com.google.guava\listenablefuture\9999.0-empty-to-avoid-conflict-with-guava\b421526c5f297295adef1c886e5246c39d4ac629\listenablefuture-9999.0-empty-to-avoid-conflict-with-guava.jar because it was already located earlier
[08Aug2024 11:22:45.246] [main/DEBUG] [net.neoforged.fml.loading.moddiscovery.ModDiscoverer/]: Skipping C:\Users\ytthe\.mcreator\gradle\caches\modules-2\files-2.1\com.google.code.findbugs\jsr305\3.0.2\25ea2e8b0c338a877313bd4672d3fe056ea78f0d\jsr305-3.0.2.jar because it was already located earlier
[08Aug2024 11:22:45.246] [main/DEBUG] [net.neoforged.fml.loading.moddiscovery.ModDiscoverer/]: Skipping C:\Users\ytthe\.mcreator\gradle\caches\modules-2\files-2.1\org.checkerframework\checker-qual\3.33.0\de2b60b62da487644fc11f734e73c8b0b431238f\checker-qual-3.33.0.jar because it was already located earlier
[08Aug2024 11:22:45.246] [main/DEBUG] [net.neoforged.fml.loading.moddiscovery.ModDiscoverer/]: Skipping C:\Users\ytthe\.mcreator\gradle\caches\modules-2\files-2.1\com.google.errorprone\error_prone_annotations\2.18.0\89b684257096f548fa39a7df9fdaa409d4d4df91\error_prone_annotations-2.18.0.jar because it was already located earlier
[08Aug2024 11:22:45.247] [main/DEBUG] [net.neoforged.fml.loading.moddiscovery.ModDiscoverer/]: Skipping C:\Users\ytthe\.mcreator\gradle\caches\modules-2\files-2.1\com.google.j2objc\j2objc-annotations\2.8\c85270e307e7b822f1086b93689124b89768e273\j2objc-annotations-2.8.jar because it was already located earlier
[08Aug2024 11:22:45.247] [main/DEBUG] [net.neoforged.fml.loading.moddiscovery.ModDiscoverer/]: Skipping C:\Users\ytthe\.mcreator\gradle\caches\modules-2\files-2.1\commons-io\commons-io\2.15.1\f11560da189ab563a5c8e351941415430e9304ea\commons-io-2.15.1.jar because it was already located earlier
[08Aug2024 11:22:45.247] [main/DEBUG] [net.neoforged.fml.loading.moddiscovery.ModDiscoverer/]: Skipping C:\Users\ytthe\.mcreator\gradle\caches\modules-2\files-2.1\net.sf.jopt-simple\jopt-simple\5.0.4\4fdac2fbe92dfad86aa6e9301736f6b4342a3f5c\jopt-simple-5.0.4.jar because it was already located earlier
[08Aug2024 11:22:45.247] [main/DEBUG] [net.neoforged.fml.loading.moddiscovery.ModDiscoverer/]: Skipping C:\Users\ytthe\.mcreator\gradle\caches\modules-2\files-2.1\net.minecraftforge\srgutils\0.4.15\ca408b131759478f164e010fae0d73997e125fb5\srgutils-0.4.15.jar because it was already located earlier
[08Aug2024 11:22:45.248] [main/DEBUG] [net.neoforged.fml.loading.moddiscovery.ModDiscoverer/]: Skipping C:\Users\ytthe\.mcreator\gradle\caches\modules-2\files-2.1\org.antlr\antlr4-runtime\4.13.1\17125bae1d965624e265ef49552f6465a2bfa307\antlr4-runtime-4.13.1.jar because it was already located earlier
[08Aug2024 11:22:45.248] [main/DEBUG] [net.neoforged.fml.loading.moddiscovery.ModDiscoverer/]: Skipping C:\Users\ytthe\.mcreator\gradle\caches\modules-2\files-2.1\org.jline\jline-reader\3.12.1\4382ab1382c7b6f379377ed5f665dc2f6e1218bc\jline-reader-3.12.1.jar because it was already located earlier
[08Aug2024 11:22:45.248] [main/DEBUG] [net.neoforged.fml.loading.moddiscovery.ModDiscoverer/]: Skipping C:\Users\ytthe\.mcreator\gradle\caches\modules-2\files-2.1\org.jline\jline-terminal\3.12.1\c777448314e050d980a6b697c140f3bfe9eb7416\jline-terminal-3.12.1.jar because it was already located earlier
[08Aug2024 11:22:45.248] [main/DEBUG] [net.neoforged.fml.loading.moddiscovery.ModDiscoverer/]: Skipping C:\Users\ytthe\.mcreator\gradle\caches\modules-2\files-2.1\org.codehaus.plexus\plexus-utils\3.3.0\cf43b5391de623b36fe066a21127baef82c64022\plexus-utils-3.3.0.jar because it was already located earlier
[08Aug2024 11:22:45.248] [main/DEBUG] [net.neoforged.fml.loading.moddiscovery.ModDiscoverer/]: Skipping C:\Users\ytthe\.mcreator\gradle\caches\modules-2\files-2.1\com.machinezoo.noexception\noexception\1.7.1\b65330c98e38a1f915fa54a6e5eca496505e3f0a\noexception-1.7.1.jar because it was already located earlier
[08Aug2024 11:22:45.248] [main/DEBUG] [net.neoforged.fml.loading.moddiscovery.ModDiscoverer/]: Skipping C:\Users\ytthe\Desktop\monmods\.gradle\repositories\ng_dummy_ng\net\minecraft\client\1.20.6\client-1.20.6-client-extra.jar because it was already located earlier
[08Aug2024 11:22:45.249] [main/DEBUG] [net.neoforged.fml.loading.moddiscovery.ModDiscoverer/]: Skipping C:\Users\ytthe\.mcreator\gradle\caches\modules-2\files-2.1\com.ibm.icu\icu4j\73.2\61ad4ef7f9131fcf6d25c34b817f90d6da06c9e9\icu4j-73.2.jar because it was already located earlier
[08Aug2024 11:22:45.249] [main/DEBUG] [net.neoforged.fml.loading.moddiscovery.ModDiscoverer/]: Skipping C:\Users\ytthe\.mcreator\gradle\caches\modules-2\files-2.1\com.mojang\blocklist\1.0.10\5c685c5ffa94c4cd39496c7184c1d122e515ecef\blocklist-1.0.10.jar because it was already located earlier
[08Aug2024 11:22:45.249] [main/DEBUG] [net.neoforged.fml.loading.moddiscovery.ModDiscoverer/]: Skipping C:\Users\ytthe\.mcreator\gradle\caches\modules-2\files-2.1\com.mojang\brigadier\1.2.9\73e324f2ee541493a5179abf367237faa782ed21\brigadier-1.2.9.jar because it was already located earlier
[08Aug2024 11:22:45.249] [main/DEBUG] [net.neoforged.fml.loading.moddiscovery.ModDiscoverer/]: Skipping C:\Users\ytthe\.mcreator\gradle\caches\modules-2\files-2.1\org.apache.httpcomponents\httpclient\4.5.13\e5f6cae5ca7ecaac1ec2827a9e2d65ae2869cada\httpclient-4.5.13.jar because it was already located earlier
[08Aug2024 11:22:45.249] [main/DEBUG] [net.neoforged.fml.loading.moddiscovery.ModDiscoverer/]: Skipping C:\Users\ytthe\.mcreator\gradle\caches\modules-2\files-2.1\commons-codec\commons-codec\1.16.0\4e3eb3d79888d76b54e28b350915b5dc3919c9de\commons-codec-1.16.0.jar because it was already located earlier
[08Aug2024 11:22:45.249] [main/DEBUG] [net.neoforged.fml.loading.moddiscovery.ModDiscoverer/]: Skipping C:\Users\ytthe\.mcreator\gradle\caches\modules-2\files-2.1\commons-logging\commons-logging\1.2\4bfc12adfe4842bf07b657f0369c4cb522955686\commons-logging-1.2.jar because it was already located earlier
[08Aug2024 11:22:45.249] [main/DEBUG] [net.neoforged.fml.loading.moddiscovery.ModDiscoverer/]: Skipping C:\Users\ytthe\.mcreator\gradle\caches\modules-2\files-2.1\io.netty\netty-handler\4.1.97.Final\abb86c6906bf512bf2b797a41cd7d2e8d3cd7c36\netty-handler-4.1.97.Final.jar because it was already located earlier
[08Aug2024 11:22:45.250] [main/DEBUG] [net.neoforged.fml.loading.moddiscovery.ModDiscoverer/]: Skipping C:\Users\ytthe\.mcreator\gradle\caches\modules-2\files-2.1\io.netty\netty-codec\4.1.97.Final\384ba4d75670befbedb45c4d3b497a93639c206d\netty-codec-4.1.97.Final.jar because it was already located earlier
[08Aug2024 11:22:45.250] [main/DEBUG] [net.neoforged.fml.loading.moddiscovery.ModDiscoverer/]: Skipping C:\Users\ytthe\.mcreator\gradle\caches\modules-2\files-2.1\io.netty\netty-transport-classes-epoll\4.1.97.Final\795da37ded759e862457a82d9d92c4d39ce8ecee\netty-transport-classes-epoll-4.1.97.Final.jar because it was already located earlier
[08Aug2024 11:22:45.250] [main/DEBUG] [net.neoforged.fml.loading.moddiscovery.ModDiscoverer/]: Skipping C:\Users\ytthe\.mcreator\gradle\caches\modules-2\files-2.1\io.netty\netty-transport-native-unix-common\4.1.97.Final\d469d84265ab70095b01b40886cabdd433b6e664\netty-transport-native-unix-common-4.1.97.Final.jar because it was already located earlier
[08Aug2024 11:22:45.250] [main/DEBUG] [net.neoforged.fml.loading.moddiscovery.ModDiscoverer/]: Skipping C:\Users\ytthe\.mcreator\gradle\caches\modules-2\files-2.1\io.netty\netty-transport\4.1.97.Final\f37380d23c9bb079bc702910833b2fd532c9abd0\netty-transport-4.1.97.Final.jar because it was already located earlier
[08Aug2024 11:22:45.250] [main/DEBUG] [net.neoforged.fml.loading.moddiscovery.ModDiscoverer/]: Skipping C:\Users\ytthe\.mcreator\gradle\caches\modules-2\files-2.1\io.netty\netty-buffer\4.1.97.Final\f8f3d8644afa5e6e1a40a3a6aeb9d9aa970ecb4f\netty-buffer-4.1.97.Final.jar because it was already located earlier
[08Aug2024 11:22:45.250] [main/DEBUG] [net.neoforged.fml.loading.moddiscovery.ModDiscoverer/]: Skipping C:\Users\ytthe\.mcreator\gradle\caches\modules-2\files-2.1\io.netty\netty-resolver\4.1.97.Final\cec8348108dc76c47cf87c669d514be52c922144\netty-resolver-4.1.97.Final.jar because it was already located earlier
[08Aug2024 11:22:45.251] [main/DEBUG] [net.neoforged.fml.loading.moddiscovery.ModDiscoverer/]: Skipping C:\Users\ytthe\.mcreator\gradle\caches\modules-2\files-2.1\io.netty\netty-common\4.1.97.Final\7cceacaf11df8dc63f23d0fb58e9d4640fc88404\netty-common-4.1.97.Final.jar because it was already located earlier
[08Aug2024 11:22:45.251] [main/DEBUG] [net.neoforged.fml.loading.moddiscovery.ModDiscoverer/]: Skipping C:\Users\ytthe\.mcreator\gradle\caches\modules-2\files-2.1\it.unimi.dsi\fastutil\8.5.12\c24946d46824bd528054bface3231d2ecb7e95e8\fastutil-8.5.12.jar because it was already located earlier
[08Aug2024 11:22:45.251] [main/DEBUG] [net.neoforged.fml.loading.moddiscovery.ModDiscoverer/]: Skipping C:\Users\ytthe\.mcreator\gradle\caches\modules-2\files-2.1\net.java.dev.jna\jna-platform\5.14.0\28934d48aed814f11e4c584da55c49fa7032b31b\jna-platform-5.14.0.jar because it was already located earlier
[08Aug2024 11:22:45.251] [main/DEBUG] [net.neoforged.fml.loading.moddiscovery.ModDiscoverer/]: Skipping C:\Users\ytthe\.mcreator\gradle\caches\modules-2\files-2.1\ca.weblite\java-objc-bridge\1.1\1227f9e0666314f9de41477e3ec277e542ed7f7b\java-objc-bridge-1.1.jar because it was already located earlier
[08Aug2024 11:22:45.251] [main/DEBUG] [net.neoforged.fml.loading.moddiscovery.ModDiscoverer/]: Skipping C:\Users\ytthe\.mcreator\gradle\caches\modules-2\files-2.1\net.java.dev.jna\jna\5.14.0\67bf3eaea4f0718cb376a181a629e5f88fa1c9dd\jna-5.14.0.jar because it was already located earlier
[08Aug2024 11:22:45.251] [main/DEBUG] [net.neoforged.fml.loading.moddiscovery.ModDiscoverer/]: Skipping C:\Users\ytthe\.mcreator\gradle\caches\modules-2\files-2.1\org.apache.httpcomponents\httpcore\4.4.16\51cf043c87253c9f58b539c9f7e44c8894223850\httpcore-4.4.16.jar because it was already located earlier
[08Aug2024 11:22:45.251] [main/DEBUG] [net.neoforged.fml.loading.moddiscovery.ModDiscoverer/]: Skipping C:\Users\ytthe\.mcreator\gradle\caches\modules-2\files-2.1\org.jcraft\jorbis\0.0.17\8872d22b293e8f5d7d56ff92be966e6dc28ebdc6\jorbis-0.0.17.jar because it was already located earlier
[08Aug2024 11:22:45.252] [main/DEBUG] [net.neoforged.fml.loading.moddiscovery.ModDiscoverer/]: Skipping C:\Users\ytthe\.mcreator\gradle\caches\modules-2\files-2.1\org.joml\joml\1.10.5\22566d58af70ad3d72308bab63b8339906deb649\joml-1.10.5.jar because it was already located earlier
[08Aug2024 11:22:45.252] [main/DEBUG] [net.neoforged.fml.loading.moddiscovery.ModDiscoverer/]: Skipping C:\Users\ytthe\.mcreator\gradle\caches\modules-2\files-2.1\org.lwjgl\lwjgl-freetype\3.3.3\a0db6c84a8becc8ca05f9dbfa985edc348a824c7\lwjgl-freetype-3.3.3.jar because it was already located earlier
[08Aug2024 11:22:45.271] [main/DEBUG] [net.neoforged.fml.loading.moddiscovery.ModDiscoverer/]: Skipping C:\Users\ytthe\.mcreator\gradle\caches\modules-2\files-2.1\org.lwjgl\lwjgl-freetype\3.3.3\15a8c1de7f51d07a92eae7ce1222557073a0c0c3\lwjgl-freetype-3.3.3-natives-windows-x86.jar because it was already located earlier
[08Aug2024 11:22:45.272] [main/DEBUG] [net.neoforged.fml.loading.moddiscovery.ModDiscoverer/]: Skipping C:\Users\ytthe\.mcreator\gradle\caches\modules-2\files-2.1\org.lwjgl\lwjgl-glfw\3.3.3\efa1eb78c5ccd840e9f329717109b5e892d72f8e\lwjgl-glfw-3.3.3.jar because it was already located earlier
[08Aug2024 11:22:45.304] [main/DEBUG] [net.neoforged.fml.loading.moddiscovery.ModDiscoverer/]: Skipping C:\Users\ytthe\.mcreator\gradle\caches\modules-2\files-2.1\org.lwjgl\lwjgl-glfw\3.3.3\32334f3fd5270a59bad9939a93115acb6de36dcf\lwjgl-glfw-3.3.3-natives-windows-x86.jar because it was already located earlier
[08Aug2024 11:22:45.305] [main/DEBUG] [net.neoforged.fml.loading.moddiscovery.ModDiscoverer/]: Skipping C:\Users\ytthe\.mcreator\gradle\caches\modules-2\files-2.1\org.lwjgl\lwjgl-jemalloc\3.3.3\b543467b7ff3c6920539a88ee602d34098628be5\lwjgl-jemalloc-3.3.3.jar because it was already located earlier
[08Aug2024 11:22:45.305] [main/DEBUG] [net.neoforged.fml.loading.moddiscovery.ModDiscoverer/]: Skipping C:\Users\ytthe\.mcreator\gradle\caches\modules-2\files-2.1\org.lwjgl\lwjgl-jemalloc\3.3.3\426222fc027602a5f21b9c0fe79cde6a4c7a011f\lwjgl-jemalloc-3.3.3-natives-windows.jar because it was already located earlier
[08Aug2024 11:22:45.439] [main/DEBUG] [net.neoforged.fml.loading.moddiscovery.ModDiscoverer/]: Skipping C:\Users\ytthe\.mcreator\gradle\caches\modules-2\files-2.1\org.lwjgl\lwjgl-openal\3.3.3\daada81ceb5fc0c291fbfdd4433cb8d9423577f2\lwjgl-openal-3.3.3.jar because it was already located earlier
[08Aug2024 11:22:45.495] [main/DEBUG] [net.neoforged.fml.loading.moddiscovery.ModDiscoverer/]: Skipping C:\Users\ytthe\.mcreator\gradle\caches\modules-2\files-2.1\org.lwjgl\lwjgl-openal\3.3.3\87b8d5050e3adb46bb58fe1cb2669a4a48fce10d\lwjgl-openal-3.3.3-natives-windows-x86.jar because it was already located earlier
[08Aug2024 11:22:45.495] [main/DEBUG] [net.neoforged.fml.loading.moddiscovery.ModDiscoverer/]: Skipping C:\Users\ytthe\.mcreator\gradle\caches\modules-2\files-2.1\org.lwjgl\lwjgl-opengl\3.3.3\2f6b0147078396a58979125a4c947664e98293a\lwjgl-opengl-3.3.3.jar because it was already located earlier
[08Aug2024 11:22:45.503] [main/DEBUG] [net.neoforged.fml.loading.moddiscovery.ModDiscoverer/]: Skipping C:\Users\ytthe\.mcreator\gradle\caches\modules-2\files-2.1\org.lwjgl\lwjgl-opengl\3.3.3\65e956d3735a1abdc82eff4baec1b61174697d4b\lwjgl-opengl-3.3.3-natives-windows-arm64.jar because it was already located earlier
[08Aug2024 11:22:45.516] [main/DEBUG] [net.neoforged.fml.loading.moddiscovery.ModDiscoverer/]: Skipping C:\Users\ytthe\.mcreator\gradle\caches\modules-2\files-2.1\org.lwjgl\lwjgl-stb\3.3.3\25dd6161988d7e65f71d5065c99902402ee32746\lwjgl-stb-3.3.3.jar because it was already located earlier
[08Aug2024 11:22:45.516] [main/DEBUG] [net.neoforged.fml.loading.moddiscovery.ModDiscoverer/]: Skipping C:\Users\ytthe\.mcreator\gradle\caches\modules-2\files-2.1\org.lwjgl\lwjgl-stb\3.3.3\1d9facdf6541de114b0f963be33505b7679c78cb\lwjgl-stb-3.3.3-natives-windows.jar because it was already located earlier
[08Aug2024 11:22:45.531] [main/DEBUG] [net.neoforged.fml.loading.moddiscovery.ModDiscoverer/]: Skipping C:\Users\ytthe\.mcreator\gradle\caches\modules-2\files-2.1\org.lwjgl\lwjgl-tinyfd\3.3.3\82d755ca94b102e9ca77283b9e2dc46d1b15fbe5\lwjgl-tinyfd-3.3.3.jar because it was already located earlier
[08Aug2024 11:22:45.531] [main/DEBUG] [net.neoforged.fml.loading.moddiscovery.ModDiscoverer/]: Skipping C:\Users\ytthe\.mcreator\gradle\caches\modules-2\files-2.1\org.lwjgl\lwjgl-tinyfd\3.3.3\a6697981b0449a5087c1d546fc08b4f73e8f98c9\lwjgl-tinyfd-3.3.3-natives-windows.jar because it was already located earlier
[08Aug2024 11:22:45.543] [main/DEBUG] [net.neoforged.fml.loading.moddiscovery.ModDiscoverer/]: Skipping C:\Users\ytthe\.mcreator\gradle\caches\modules-2\files-2.1\org.lwjgl\lwjgl\3.3.3\29589b5f87ed335a6c7e7ee6a5775f81f97ecb84\lwjgl-3.3.3.jar because it was already located earlier
[08Aug2024 11:22:45.555] [main/DEBUG] [net.neoforged.fml.loading.moddiscovery.ModDiscoverer/]: Skipping C:\Users\ytthe\.mcreator\gradle\caches\modules-2\files-2.1\org.lwjgl\lwjgl\3.3.3\9e670718e050aeaeea0c2d5b907cffb142f2e58f\lwjgl-3.3.3-natives-windows-x86.jar because it was already located earlier
[08Aug2024 11:22:45.555] [main/DEBUG] [net.neoforged.fml.loading.moddiscovery.ModDiscoverer/]: Skipping C:\Users\ytthe\.mcreator\gradle\caches\modules-2\files-2.1\org.lz4\lz4-java\1.8.0\4b986a99445e49ea5fbf5d149c4b63f6ed6c6780\lz4-java-1.8.0.jar because it was already located earlier
[08Aug2024 11:22:45.555] [main/DEBUG] [net.neoforged.fml.loading.moddiscovery.ModDiscoverer/]: Skipping C:\Users\ytthe\.mcreator\gradle\caches\modules-2\files-2.1\org.jetbrains\annotations\24.1.0\7af6a669488450c4a07c2c3254e2151df42d7d04\annotations-24.1.0.jar because it was already located earlier
[08Aug2024 11:22:45.555] [main/DEBUG] [net.neoforged.fml.loading.moddiscovery.ModDiscoverer/SCAN]: Locator userdev mods and services found 3 mods, 0 warnings, 0 errors and skipped 86 candidates
[08Aug2024 11:22:45.559] [main/DEBUG] [net.neoforged.fml.loading.UniqueModListBuilder/]: Found 2 mods for first modid neoforge, selecting most recent based on version data
[08Aug2024 11:22:45.559] [main/DEBUG] [net.neoforged.fml.loading.UniqueModListBuilder/]: Selected file neoforge-20.6.117.jar for modid neoforge with version 20.6.117
[08Aug2024 11:22:45.567] [main/DEBUG] [net.neoforged.fml.loading.moddiscovery.ModDiscoverer/SCAN]: Successfully Loaded 4 mods. Attempting to load dependencies...
[08Aug2024 11:22:45.567] [main/DEBUG] [net.neoforged.fml.loading.moddiscovery.ModDiscoverer/SCAN]: Trying locator jarinjar
[08Aug2024 11:22:45.573] [main/TRACE] [net.neoforged.fml.loading.moddiscovery.locators.JarInJarDependencyLocator/]: Failed to load resource META-INF\jarjar\metadata.json from neoforge-20.6.117.jar, it does not contain dependency information.
[08Aug2024 11:22:45.574] [main/TRACE] [net.neoforged.fml.loading.moddiscovery.locators.JarInJarDependencyLocator/]: Failed to load resource META-INF\jarjar\metadata.json from mixinextras-neoforge-0.3.5.jar, it does not contain dependency information.
[08Aug2024 11:22:45.574] [main/TRACE] [net.neoforged.fml.loading.moddiscovery.locators.JarInJarDependencyLocator/]: Failed to load resource META-INF\jarjar\metadata.json from main, it does not contain dependency information.
[08Aug2024 11:22:45.723] [main/DEBUG] [net.neoforged.fml.loading.moddiscovery.readers.JarModsDotTomlModFileReader/SCAN]: Found META-INF/MANIFEST.MF mod of type GAMELIBRARY: 
[08Aug2024 11:22:45.726] [main/TRACE] [net.neoforged.fml.loading.moddiscovery.locators.JarInJarDependencyLocator/]: Failed to load resource META-INF\jarjar\metadata.json from mixinextras-neoforge-0.3.5.jar, it does not contain dependency information.
[08Aug2024 11:22:45.783] [main/DEBUG] [net.neoforged.fml.loading.moddiscovery.readers.JarModsDotTomlModFileReader/SCAN]: Found META-INF/MANIFEST.MF mod of type GAMELIBRARY: 
[08Aug2024 11:22:45.786] [main/WARN] [net.neoforged.jarjar.selection.JarSelector/]: Attempted to select a dependency jar for JarJar which was passed in as source: mixinextras-neoforge-0.3.5.jar. Using Mod File: C:\Users\ytthe\.mcreator\gradle\caches\modules-2\files-2.1\io.github.llamalad7\mixinextras-neoforge\0.3.5\ef3ffcf309dae656517b2f120189b1c9b21737dd\mixinextras-neoforge-0.3.5.jar
[08Aug2024 11:22:45.787] [main/INFO] [net.neoforged.fml.loading.moddiscovery.locators.JarInJarDependencyLocator/]: No dependencies to load found. Skipping!
[08Aug2024 11:22:45.790] [main/DEBUG] [net.neoforged.fml.loading.moddiscovery.ModFileInfo/LOADING]: Found valid mod file neoforge-20.6.117.jar with {minecraft} mods - versions {1.20.6}
[08Aug2024 11:22:45.797] [main/DEBUG] [net.neoforged.fml.loading.moddiscovery.ModFile/LOADING]: Loading mod file C:\Users\ytthe\Desktop\monmods\.gradle\repositories\ng_dummy_ng\net\neoforged\neoforge\20.6.117\neoforge-20.6.117.jar with languages [LanguageSpec[languageName=minecraft, acceptedVersions=1]]
[08Aug2024 11:22:45.799] [main/DEBUG] [net.neoforged.fml.loading.moddiscovery.ModFileParser/LOADING]: Considering mod file candidate C:\Users\ytthe\Desktop\monmods\build\resources\main
[08Aug2024 11:22:45.802] [main/DEBUG] [net.neoforged.fml.loading.moddiscovery.ModFileInfo/LOADING]: Found valid mod file main with {more_vanilla} mods - versions {1}
[08Aug2024 11:22:45.802] [main/DEBUG] [net.neoforged.fml.loading.moddiscovery.ModFile/LOADING]: Loading mod file C:\Users\ytthe\Desktop\monmods\build\resources\main with languages [LanguageSpec[languageName=javafml, acceptedVersions=[2,)]]
[08Aug2024 11:22:45.803] [main/DEBUG] [net.neoforged.fml.loading.moddiscovery.ModFileParser/LOADING]: Considering mod file candidate C:\Users\ytthe\Desktop\monmods\.gradle\repositories\ng_dummy_ng\net\neoforged\neoforge\20.6.117\neoforge-20.6.117.jar
[08Aug2024 11:22:45.805] [main/DEBUG] [net.neoforged.fml.loading.moddiscovery.ModFileInfo/LOADING]: Found valid mod file neoforge-20.6.117.jar with {neoforge} mods - versions {20.6.117}
[08Aug2024 11:22:45.805] [main/DEBUG] [net.neoforged.fml.loading.moddiscovery.ModFile/LOADING]: Loading mod file C:\Users\ytthe\Desktop\monmods\.gradle\repositories\ng_dummy_ng\net\neoforged\neoforge\20.6.117\neoforge-20.6.117.jar with languages [LanguageSpec[languageName=javafml, acceptedVersions=[3,]]]
[08Aug2024 11:22:45.811] [main/DEBUG] [net.neoforged.fml.loading.moddiscovery.ModFileParser/LOADING]: Found coremod field_to_method with Javascript path coremods/field_to_method.js
[08Aug2024 11:22:45.812] [main/DEBUG] [net.neoforged.fml.loading.moddiscovery.ModFileParser/LOADING]: Found coremod field_to_instanceof with Javascript path coremods/field_to_instanceof.js
[08Aug2024 11:22:45.812] [main/DEBUG] [net.neoforged.fml.loading.moddiscovery.ModFileParser/LOADING]: Found coremod add_bouncer_method with Javascript path coremods/add_bouncer_method.js
[08Aug2024 11:22:45.812] [main/DEBUG] [net.neoforged.fml.loading.moddiscovery.ModFileParser/LOADING]: Found coremod method_redirector with Javascript path coremods/method_redirector.js
[08Aug2024 11:22:45.812] [main/DEBUG] [net.neoforged.fml.loading.moddiscovery.ModFile/LOADING]: Loading mod file C:\Users\ytthe\.mcreator\gradle\caches\modules-2\files-2.1\io.github.llamalad7\mixinextras-neoforge\0.3.5\ef3ffcf309dae656517b2f120189b1c9b21737dd\mixinextras-neoforge-0.3.5.jar with languages []
[08Aug2024 11:22:45.813] [main/DEBUG] [net.neoforged.fml.loading.moddiscovery.ModValidator/SCAN]: Found 4 mod files with 3 mods
[08Aug2024 11:22:45.814] [main/DEBUG] [cpw.mods.modlauncher.TransformationServiceDecorator/MODLAUNCHER]: End scan trigger - transformation service fml
[08Aug2024 11:22:45.825] [main/DEBUG] [net.neoforged.fml.util.ServiceLoaderUtil/CORE]: Found 3 implementations of IModLanguageLoader:
[08Aug2024 11:22:45.827] [main/DEBUG] [net.neoforged.fml.util.ServiceLoaderUtil/CORE]: 	net.neoforged.fml.javafmlmod.FMLJavaModLanguageProvider from loader-3.0.45.jar
[08Aug2024 11:22:45.828] [main/DEBUG] [net.neoforged.fml.util.ServiceLoaderUtil/CORE]: 	net.neoforged.fml.lowcodemod.LowCodeModLanguageProvider from loader-3.0.45.jar
[08Aug2024 11:22:45.828] [main/DEBUG] [net.neoforged.fml.util.ServiceLoaderUtil/CORE]: 	net.neoforged.fml.mclanguageprovider.MinecraftModLanguageProvider from loader-3.0.45.jar
[08Aug2024 11:22:45.829] [main/DEBUG] [net.neoforged.fml.loading.LanguageProviderLoader/CORE]: Found language provider javafml, version 3.0.45
[08Aug2024 11:22:45.831] [main/DEBUG] [net.neoforged.fml.loading.LanguageProviderLoader/CORE]: Found language provider lowcodefml, version 3.0.45
[08Aug2024 11:22:45.831] [main/DEBUG] [net.neoforged.fml.loading.LanguageProviderLoader/CORE]: Found language provider minecraft, version 3.0.45
[08Aug2024 11:22:45.840] [main/DEBUG] [net.neoforged.fml.loading.ModSorter/]: Configured system mods: [minecraft, neoforge]
[08Aug2024 11:22:45.840] [main/DEBUG] [net.neoforged.fml.loading.ModSorter/]: Found system mod: minecraft
[08Aug2024 11:22:45.840] [main/DEBUG] [net.neoforged.fml.loading.ModSorter/]: Found system mod: neoforge
[08Aug2024 11:22:45.845] [main/DEBUG] [net.neoforged.fml.loading.ModSorter/LOADING]: Found 2 mod requirements (2 mandatory, 0 optional)
[08Aug2024 11:22:45.846] [main/DEBUG] [net.neoforged.fml.loading.ModSorter/LOADING]: Found 0 mod requirements missing (0 mandatory, 0 optional)
[08Aug2024 11:22:45.881] [main/DEBUG] [net.neoforged.fml.loading.FMLLoader/SCAN]: Adding Access Transformer in C:\Users\ytthe\Desktop\monmods\.gradle\repositories\ng_dummy_ng\net\neoforged\neoforge\20.6.117\neoforge-20.6.117.jar
[08Aug2024 11:22:45.891] [main/DEBUG] [AXFORM/AXFORM]: Loading access transformer accesstransformer.cfg
[08Aug2024 11:22:46.152] [main/DEBUG] [AXFORM/AXFORM]: Loaded access transformer accesstransformer.cfg
[08Aug2024 11:22:46.152] [main/DEBUG] [net.neoforged.fml.loading.FMLLoader/SCAN]: Adding Access Transformer in C:\Users\ytthe\Desktop\monmods\build\resources\main
[08Aug2024 11:22:46.154] [main/DEBUG] [AXFORM/AXFORM]: Loading access transformer accesstransformer.cfg
[08Aug2024 11:22:46.162] [main/DEBUG] [AXFORM/AXFORM]: Loaded access transformer accesstransformer.cfg
[08Aug2024 11:22:46.180] [main/DEBUG] [cpw.mods.modlauncher.TransformationServicesHandler/MODLAUNCHER]: Transformation services loading transformers
[08Aug2024 11:22:46.181] [main/DEBUG] [cpw.mods.modlauncher.TransformationServiceDecorator/MODLAUNCHER]: Initializing transformers for transformation service mixin
[08Aug2024 11:22:46.182] [main/DEBUG] [cpw.mods.modlauncher.TransformationServiceDecorator/MODLAUNCHER]: Initialized transformers for transformation service mixin
[08Aug2024 11:22:46.182] [main/DEBUG] [cpw.mods.modlauncher.TransformationServiceDecorator/MODLAUNCHER]: Initializing transformers for transformation service mixin-synthetic-package
[08Aug2024 11:22:46.182] [main/DEBUG] [cpw.mods.modlauncher.TransformationServiceDecorator/MODLAUNCHER]: Initialized transformers for transformation service mixin-synthetic-package
[08Aug2024 11:22:46.183] [main/DEBUG] [cpw.mods.modlauncher.TransformationServiceDecorator/MODLAUNCHER]: Initializing transformers for transformation service fml
[08Aug2024 11:22:46.183] [main/DEBUG] [net.neoforged.fml.loading.FMLServiceProvider/LOADING]: Loading coremod transformers
[08Aug2024 11:22:46.183] [main/INFO] [net.neoforged.fml.loading.FMLServiceProvider/CORE]: Loading coremod script-engine for [neoforge]
[08Aug2024 11:22:46.186] [main/DEBUG] [net.neoforged.fml.loading.CoreModScriptLoader/CORE]: Loading coremod scripts
[08Aug2024 11:22:46.655] [main/DEBUG] [net.neoforged.coremod.CoreModScriptingEngine/COREMOD]: Loading CoreMod from coremods/field_to_method.js
[08Aug2024 11:22:46.968] [main/DEBUG] [net.neoforged.coremod.CoreModScriptingEngine/COREMOD]: CoreMod loaded successfully
[08Aug2024 11:22:46.968] [main/DEBUG] [net.neoforged.coremod.CoreModScriptingEngine/COREMOD]: Loading CoreMod from coremods/field_to_instanceof.js
[08Aug2024 11:22:47.075] [main/DEBUG] [net.neoforged.coremod.CoreModScriptingEngine/COREMOD]: CoreMod loaded successfully
[08Aug2024 11:22:47.075] [main/DEBUG] [net.neoforged.coremod.CoreModScriptingEngine/COREMOD]: Loading CoreMod from coremods/add_bouncer_method.js
[08Aug2024 11:22:47.140] [main/DEBUG] [net.neoforged.coremod.CoreModScriptingEngine/COREMOD]: CoreMod loaded successfully
[08Aug2024 11:22:47.140] [main/DEBUG] [net.neoforged.coremod.CoreModScriptingEngine/COREMOD]: Loading CoreMod from coremods/method_redirector.js
[08Aug2024 11:22:47.248] [main/DEBUG] [net.neoforged.coremod.CoreModScriptingEngine/COREMOD]: CoreMod loaded successfully
[08Aug2024 11:22:47.261] [main/DEBUG] [net.neoforged.fml.util.ServiceLoaderUtil/CORE]: Found 0 implementations of ICoreMod:
[08Aug2024 11:22:47.265] [main/DEBUG] [cpw.mods.modlauncher.TransformStore/MODLAUNCHER]: Adding transformer net.neoforged.coremod.transformer.CoreModClassTransformer@4a8e6e89 to Target : cpw.mods.modlauncher.api.TargetType@55342f40 {Lnet/minecraft/world/level/biome/Biome;} {} {V}
[08Aug2024 11:22:47.267] [main/DEBUG] [cpw.mods.modlauncher.TransformStore/MODLAUNCHER]: Adding transformer net.neoforged.coremod.transformer.CoreModClassTransformer@23a918c7 to Target : cpw.mods.modlauncher.api.TargetType@55342f40 {Lnet/minecraft/world/level/levelgen/structure/Structure;} {} {V}
[08Aug2024 11:22:47.268] [main/DEBUG] [cpw.mods.modlauncher.TransformStore/MODLAUNCHER]: Adding transformer net.neoforged.coremod.transformer.CoreModClassTransformer@7a45d714 to Target : cpw.mods.modlauncher.api.TargetType@55342f40 {Lnet/minecraft/world/level/block/FlowerPotBlock;} {} {V}
[08Aug2024 11:22:47.268] [main/DEBUG] [cpw.mods.modlauncher.TransformStore/MODLAUNCHER]: Adding transformer net.neoforged.coremod.transformer.CoreModClassTransformer@4483d35 to Target : cpw.mods.modlauncher.api.TargetType@55342f40 {Lnet/minecraft/network/play/client/CClientSettingsPacket;} {} {V}
[08Aug2024 11:22:47.268] [main/DEBUG] [cpw.mods.modlauncher.TransformStore/MODLAUNCHER]: Adding transformer net.neoforged.coremod.transformer.CoreModClassTransformer@204abeff to Target : cpw.mods.modlauncher.api.TargetType@55342f40 {Lnet/minecraft/world/level/levelgen/structure/structures/SwampHutPiece;} {} {V}
[08Aug2024 11:22:47.269] [main/DEBUG] [cpw.mods.modlauncher.TransformStore/MODLAUNCHER]: Adding transformer net.neoforged.coremod.transformer.CoreModClassTransformer@204abeff to Target : cpw.mods.modlauncher.api.TargetType@55342f40 {Lnet/minecraft/world/entity/animal/horse/SkeletonTrapGoal;} {} {V}
[08Aug2024 11:22:47.269] [main/DEBUG] [cpw.mods.modlauncher.TransformStore/MODLAUNCHER]: Adding transformer net.neoforged.coremod.transformer.CoreModClassTransformer@204abeff to Target : cpw.mods.modlauncher.api.TargetType@55342f40 {Lnet/minecraft/world/entity/raid/Raid;} {} {V}
[08Aug2024 11:22:47.269] [main/DEBUG] [cpw.mods.modlauncher.TransformStore/MODLAUNCHER]: Adding transformer net.neoforged.coremod.transformer.CoreModClassTransformer@204abeff to Target : cpw.mods.modlauncher.api.TargetType@55342f40 {Lnet/minecraft/world/entity/EntityType;} {} {V}
[08Aug2024 11:22:47.269] [main/DEBUG] [cpw.mods.modlauncher.TransformStore/MODLAUNCHER]: Adding transformer net.neoforged.coremod.transformer.CoreModClassTransformer@204abeff to Target : cpw.mods.modlauncher.api.TargetType@55342f40 {Lnet/minecraft/world/entity/animal/frog/Tadpole;} {} {V}
[08Aug2024 11:22:47.269] [main/DEBUG] [cpw.mods.modlauncher.TransformStore/MODLAUNCHER]: Adding transformer net.neoforged.coremod.transformer.CoreModClassTransformer@204abeff to Target : cpw.mods.modlauncher.api.TargetType@55342f40 {Lnet/minecraft/world/entity/npc/Villager;} {} {V}
[08Aug2024 11:22:47.269] [main/DEBUG] [cpw.mods.modlauncher.TransformStore/MODLAUNCHER]: Adding transformer net.neoforged.coremod.transformer.CoreModClassTransformer@204abeff to Target : cpw.mods.modlauncher.api.TargetType@55342f40 {Lnet/minecraft/world/level/levelgen/PatrolSpawner;} {} {V}
[08Aug2024 11:22:47.269] [main/DEBUG] [cpw.mods.modlauncher.TransformStore/MODLAUNCHER]: Adding transformer net.neoforged.coremod.transformer.CoreModClassTransformer@204abeff to Target : cpw.mods.modlauncher.api.TargetType@55342f40 {Lnet/minecraft/server/commands/RaidCommand;} {} {V}
[08Aug2024 11:22:47.270] [main/DEBUG] [cpw.mods.modlauncher.TransformStore/MODLAUNCHER]: Adding transformer net.neoforged.coremod.transformer.CoreModClassTransformer@204abeff to Target : cpw.mods.modlauncher.api.TargetType@55342f40 {Lnet/minecraft/world/entity/npc/CatSpawner;} {} {V}
[08Aug2024 11:22:47.270] [main/DEBUG] [cpw.mods.modlauncher.TransformStore/MODLAUNCHER]: Adding transformer net.neoforged.coremod.transformer.CoreModClassTransformer@204abeff to Target : cpw.mods.modlauncher.api.TargetType@55342f40 {Lnet/minecraft/world/level/levelgen/structure/structures/OceanRuinPieces$OceanRuinPiece;} {} {V}
[08Aug2024 11:22:47.270] [main/DEBUG] [cpw.mods.modlauncher.TransformStore/MODLAUNCHER]: Adding transformer net.neoforged.coremod.transformer.CoreModClassTransformer@204abeff to Target : cpw.mods.modlauncher.api.TargetType@55342f40 {Lnet/minecraft/world/entity/monster/Strider;} {} {V}
[08Aug2024 11:22:47.270] [main/DEBUG] [cpw.mods.modlauncher.TransformStore/MODLAUNCHER]: Adding transformer net.neoforged.coremod.transformer.CoreModClassTransformer@204abeff to Target : cpw.mods.modlauncher.api.TargetType@55342f40 {Lnet/minecraft/world/entity/monster/Evoker$EvokerSummonSpellGoal;} {} {V}
[08Aug2024 11:22:47.270] [main/DEBUG] [cpw.mods.modlauncher.TransformStore/MODLAUNCHER]: Adding transformer net.neoforged.coremod.transformer.CoreModClassTransformer@204abeff to Target : cpw.mods.modlauncher.api.TargetType@55342f40 {Lnet/minecraft/world/level/levelgen/structure/templatesystem/StructureTemplate;} {} {V}
[08Aug2024 11:22:47.270] [main/DEBUG] [cpw.mods.modlauncher.TransformStore/MODLAUNCHER]: Adding transformer net.neoforged.coremod.transformer.CoreModClassTransformer@204abeff to Target : cpw.mods.modlauncher.api.TargetType@55342f40 {Lnet/minecraft/world/entity/ai/village/VillageSiege;} {} {V}
[08Aug2024 11:22:47.270] [main/DEBUG] [cpw.mods.modlauncher.TransformStore/MODLAUNCHER]: Adding transformer net.neoforged.coremod.transformer.CoreModClassTransformer@204abeff to Target : cpw.mods.modlauncher.api.TargetType@55342f40 {Lnet/minecraft/world/level/NaturalSpawner;} {} {V}
[08Aug2024 11:22:47.270] [main/DEBUG] [cpw.mods.modlauncher.TransformStore/MODLAUNCHER]: Adding transformer net.neoforged.coremod.transformer.CoreModClassTransformer@204abeff to Target : cpw.mods.modlauncher.api.TargetType@55342f40 {Lnet/minecraft/server/commands/SummonCommand;} {} {V}
[08Aug2024 11:22:47.271] [main/DEBUG] [cpw.mods.modlauncher.TransformStore/MODLAUNCHER]: Adding transformer net.neoforged.coremod.transformer.CoreModClassTransformer@204abeff to Target : cpw.mods.modlauncher.api.TargetType@55342f40 {Lnet/minecraft/world/level/levelgen/PhantomSpawner;} {} {V}
[08Aug2024 11:22:47.271] [main/DEBUG] [cpw.mods.modlauncher.TransformStore/MODLAUNCHER]: Adding transformer net.neoforged.coremod.transformer.CoreModClassTransformer@204abeff to Target : cpw.mods.modlauncher.api.TargetType@55342f40 {Lnet/minecraft/world/level/levelgen/structure/structures/WoodlandMansionPieces$WoodlandMansionPiece;} {} {V}
[08Aug2024 11:22:47.271] [main/DEBUG] [cpw.mods.modlauncher.TransformStore/MODLAUNCHER]: Adding transformer net.neoforged.coremod.transformer.CoreModClassTransformer@204abeff to Target : cpw.mods.modlauncher.api.TargetType@55342f40 {Lnet/minecraft/world/entity/monster/ZombieVillager;} {} {V}
[08Aug2024 11:22:47.271] [main/DEBUG] [cpw.mods.modlauncher.TransformStore/MODLAUNCHER]: Adding transformer net.neoforged.coremod.transformer.CoreModClassTransformer@204abeff to Target : cpw.mods.modlauncher.api.TargetType@55342f40 {Lnet/minecraft/world/entity/monster/Spider;} {} {V}
[08Aug2024 11:22:47.271] [main/DEBUG] [cpw.mods.modlauncher.TransformStore/MODLAUNCHER]: Adding transformer net.neoforged.coremod.transformer.CoreModClassTransformer@204abeff to Target : cpw.mods.modlauncher.api.TargetType@55342f40 {Lnet/minecraft/world/entity/monster/Zombie;} {} {V}
[08Aug2024 11:22:47.271] [main/DEBUG] [cpw.mods.modlauncher.TransformStore/MODLAUNCHER]: Adding transformer net.neoforged.coremod.transformer.CoreModClassTransformer@204abeff to Target : cpw.mods.modlauncher.api.TargetType@55342f40 {Lnet/minecraft/world/level/levelgen/structure/structures/OceanMonumentPieces$OceanMonumentPiece;} {} {V}
[08Aug2024 11:22:47.271] [main/DEBUG] [cpw.mods.modlauncher.TransformationServiceDecorator/MODLAUNCHER]: Initialized transformers for transformation service fml
[08Aug2024 11:22:47.531] [main/DEBUG] [mixin/]: Processing prepare() for PlatformAgent[MixinPlatformAgentDefault:ModLauncher Root Container(ModLauncher:4f56a0a2)]
[08Aug2024 11:22:47.532] [main/DEBUG] [mixin/]: Processing launch tasks for PlatformAgent[MixinPlatformAgentDefault:ModLauncher Root Container(ModLauncher:4f56a0a2)]
[08Aug2024 11:22:47.532] [main/DEBUG] [mixin/]: Adding mixin platform agents for container SecureJarResource(mixinsynthetic)
[08Aug2024 11:22:47.532] [main/DEBUG] [mixin/]: Instancing new MixinPlatformAgentMinecraftForge for SecureJarResource(mixinsynthetic)
[08Aug2024 11:22:47.533] [main/DEBUG] [mixin/]: MixinPlatformAgentMinecraftForge rejected container SecureJarResource(mixinsynthetic)
[08Aug2024 11:22:47.533] [main/DEBUG] [mixin/]: Instancing new MixinPlatformAgentDefault for SecureJarResource(mixinsynthetic)
[08Aug2024 11:22:47.533] [main/DEBUG] [mixin/]: MixinPlatformAgentDefault accepted container SecureJarResource(mixinsynthetic)
[08Aug2024 11:22:47.533] [main/DEBUG] [mixin/]: Processing prepare() for PlatformAgent[MixinPlatformAgentDefault:SecureJarResource(mixinsynthetic)]
[08Aug2024 11:22:47.533] [main/DEBUG] [mixin/]: Adding mixin platform agents for container SecureJarResource(minecraft)
[08Aug2024 11:22:47.533] [main/DEBUG] [mixin/]: Instancing new MixinPlatformAgentMinecraftForge for SecureJarResource(minecraft)
[08Aug2024 11:22:47.534] [main/DEBUG] [mixin/]: MixinPlatformAgentMinecraftForge rejected container SecureJarResource(minecraft)
[08Aug2024 11:22:47.534] [main/DEBUG] [mixin/]: Instancing new MixinPlatformAgentDefault for SecureJarResource(minecraft)
[08Aug2024 11:22:47.535] [main/DEBUG] [mixin/]: MixinPlatformAgentDefault accepted container SecureJarResource(minecraft)
[08Aug2024 11:22:47.535] [main/DEBUG] [mixin/]: Processing prepare() for PlatformAgent[MixinPlatformAgentDefault:SecureJarResource(minecraft)]
[08Aug2024 11:22:47.537] [main/DEBUG] [mixin/]: Adding mixin platform agents for container SecureJarResource(more_vanilla)
[08Aug2024 11:22:47.538] [main/DEBUG] [mixin/]: Instancing new MixinPlatformAgentMinecraftForge for SecureJarResource(more_vanilla)
[08Aug2024 11:22:47.538] [main/DEBUG] [mixin/]: MixinPlatformAgentMinecraftForge rejected container SecureJarResource(more_vanilla)
[08Aug2024 11:22:47.538] [main/DEBUG] [mixin/]: Instancing new MixinPlatformAgentDefault for SecureJarResource(more_vanilla)
[08Aug2024 11:22:47.538] [main/DEBUG] [mixin/]: MixinPlatformAgentDefault accepted container SecureJarResource(more_vanilla)
[08Aug2024 11:22:47.539] [main/DEBUG] [mixin/]: Processing prepare() for PlatformAgent[MixinPlatformAgentDefault:SecureJarResource(more_vanilla)]
[08Aug2024 11:22:47.539] [main/DEBUG] [mixin/]: Adding mixin platform agents for container SecureJarResource(mixinextras.neoforge)
[08Aug2024 11:22:47.539] [main/DEBUG] [mixin/]: Instancing new MixinPlatformAgentMinecraftForge for SecureJarResource(mixinextras.neoforge)
[08Aug2024 11:22:47.539] [main/DEBUG] [mixin/]: MixinPlatformAgentMinecraftForge rejected container SecureJarResource(mixinextras.neoforge)
[08Aug2024 11:22:47.539] [main/DEBUG] [mixin/]: Instancing new MixinPlatformAgentDefault for SecureJarResource(mixinextras.neoforge)
[08Aug2024 11:22:47.539] [main/DEBUG] [mixin/]: MixinPlatformAgentDefault accepted container SecureJarResource(mixinextras.neoforge)
[08Aug2024 11:22:47.539] [main/DEBUG] [mixin/]: Processing prepare() for PlatformAgent[MixinPlatformAgentDefault:SecureJarResource(mixinextras.neoforge)]
[08Aug2024 11:22:47.540] [main/DEBUG] [mixin/]: Registering mixin config: mixinextras.init.mixins.json
[08Aug2024 11:22:47.620] [main/DEBUG] [mixin/]: inject() running with 5 agents
[08Aug2024 11:22:47.621] [main/DEBUG] [mixin/]: Processing inject() for PlatformAgent[MixinPlatformAgentDefault:ModLauncher Root Container(ModLauncher:4f56a0a2)]
[08Aug2024 11:22:47.621] [main/DEBUG] [mixin/]: Processing inject() for PlatformAgent[MixinPlatformAgentDefault:SecureJarResource(mixinsynthetic)]
[08Aug2024 11:22:47.621] [main/DEBUG] [mixin/]: Processing inject() for PlatformAgent[MixinPlatformAgentDefault:SecureJarResource(minecraft)]
[08Aug2024 11:22:47.621] [main/DEBUG] [mixin/]: Processing inject() for PlatformAgent[MixinPlatformAgentDefault:SecureJarResource(more_vanilla)]
[08Aug2024 11:22:47.621] [main/DEBUG] [mixin/]: Processing inject() for PlatformAgent[MixinPlatformAgentDefault:SecureJarResource(mixinextras.neoforge)]
[08Aug2024 11:22:47.622] [main/INFO] [cpw.mods.modlauncher.LaunchServiceHandler/MODLAUNCHER]: Launching target 'forgeclientuserdev' with arguments [--version, 20.6.117, --gameDir, ., --assetsDir, C:\Users\ytthe\.mcreator\gradle\caches\minecraft\assets\1.20.6, --assetIndex, asset-index]
[08Aug2024 11:22:47.679] [main/DEBUG] [mixin/]: Error cleaning class output directory: .mixin.out
[08Aug2024 11:22:47.685] [main/DEBUG] [mixin/]: Preparing mixins for MixinEnvironment[DEFAULT]
[08Aug2024 11:22:47.686] [main/DEBUG] [mixin/]: Selecting config mixinextras.init.mixins.json
[08Aug2024 11:22:47.733] [main/DEBUG] [MixinExtras|Service/]: com.llamalad7.mixinextras.service.MixinExtrasServiceImpl(version=0.3.5) is taking over from null
[08Aug2024 11:22:47.784] [main/DEBUG] [mixin/]: Registering new injector for @Inject with org.spongepowered.asm.mixin.injection.struct.CallbackInjectionInfo
[08Aug2024 11:22:47.786] [main/DEBUG] [mixin/]: Registering new injector for @ModifyArg with org.spongepowered.asm.mixin.injection.struct.ModifyArgInjectionInfo
[08Aug2024 11:22:47.788] [main/DEBUG] [mixin/]: Registering new injector for @ModifyArgs with org.spongepowered.asm.mixin.injection.struct.ModifyArgsInjectionInfo
[08Aug2024 11:22:47.790] [main/DEBUG] [mixin/]: Registering new injector for @Redirect with org.spongepowered.asm.mixin.injection.struct.RedirectInjectionInfo
[08Aug2024 11:22:47.792] [main/DEBUG] [mixin/]: Registering new injector for @ModifyVariable with org.spongepowered.asm.mixin.injection.struct.ModifyVariableInjectionInfo
[08Aug2024 11:22:47.795] [main/DEBUG] [mixin/]: Registering new injector for @ModifyConstant with org.spongepowered.asm.mixin.injection.struct.ModifyConstantInjectionInfo
[08Aug2024 11:22:47.826] [main/DEBUG] [mixin/]: Preparing mixinextras.init.mixins.json (0)
[08Aug2024 11:22:47.829] [main/DEBUG] [net.neoforged.fml.common.asm.RuntimeDistCleaner/DISTXFORM]: Removing Class Annotation: net/minecraft/client/gui/screens/LoadingOverlay @Lnet/neoforged/api/distmarker/OnlyIn;
[08Aug2024 11:22:47.835] [main/DEBUG] [net.neoforged.fml.common.asm.RuntimeDistCleaner/DISTXFORM]: Removing Class Annotation: net/minecraft/client/gui/screens/Overlay @Lnet/neoforged/api/distmarker/OnlyIn;
[08Aug2024 11:22:47.836] [main/DEBUG] [net.neoforged.fml.common.asm.RuntimeDistCleaner/DISTXFORM]: Removing Class Annotation: net/minecraft/client/gui/components/Renderable @Lnet/neoforged/api/distmarker/OnlyIn;
[08Aug2024 11:22:47.838] [main/DEBUG] [net.neoforged.fml.common.asm.RuntimeDistCleaner/DISTXFORM]: Removing Class Annotation: net/minecraft/client/renderer/texture/AbstractTexture @Lnet/neoforged/api/distmarker/OnlyIn;
[08Aug2024 11:22:47.841] [main/DEBUG] [net.neoforged.fml.common.asm.RuntimeDistCleaner/DISTXFORM]: Removing Class Annotation: net/minecraft/client/gui/screens/LoadingOverlay$LogoTexture @Lnet/neoforged/api/distmarker/OnlyIn;
[08Aug2024 11:22:47.842] [main/DEBUG] [net.neoforged.fml.common.asm.RuntimeDistCleaner/DISTXFORM]: Removing Class Annotation: net/minecraft/client/renderer/texture/SimpleTexture @Lnet/neoforged/api/distmarker/OnlyIn;
[08Aug2024 11:22:47.844] [main/DEBUG] [net.neoforged.fml.common.asm.RuntimeDistCleaner/DISTXFORM]: Removing Class Annotation: com/mojang/blaze3d/vertex/BufferVertexConsumer @Lnet/neoforged/api/distmarker/OnlyIn;
[08Aug2024 11:22:47.846] [main/DEBUG] [net.neoforged.fml.common.asm.RuntimeDistCleaner/DISTXFORM]: Removing Class Annotation: com/mojang/blaze3d/vertex/VertexConsumer @Lnet/neoforged/api/distmarker/OnlyIn;
[08Aug2024 11:22:47.851] [main/DEBUG] [net.neoforged.fml.common.asm.RuntimeDistCleaner/DISTXFORM]: Removing Class Annotation: net/minecraft/client/gui/GuiGraphics @Lnet/neoforged/api/distmarker/OnlyIn;
[08Aug2024 11:22:47.872] [main/DEBUG] [net.neoforged.accesstransformer.AccessTransformer/AXFORM]: Transforming net.minecraft.client.Minecraft FIELD textureManager to access PUBLIC and LEAVE
[08Aug2024 11:22:47.874] [main/DEBUG] [net.neoforged.accesstransformer.AccessTransformer/AXFORM]: Transforming net.minecraft.client.Minecraft METHOD createSearchTrees()V to access PUBLIC and LEAVE
[08Aug2024 11:22:47.875] [main/DEBUG] [net.neoforged.fml.common.asm.RuntimeDistCleaner/DISTXFORM]: Removing Class Annotation: net/minecraft/client/Minecraft @Lnet/neoforged/api/distmarker/OnlyIn;
[08Aug2024 11:22:47.909] [main/DEBUG] [net.neoforged.fml.common.asm.RuntimeDistCleaner/DISTXFORM]: Removing Class Annotation: com/mojang/blaze3d/platform/WindowEventHandler @Lnet/neoforged/api/distmarker/OnlyIn;
[08Aug2024 11:22:47.913] [main/DEBUG] [net.neoforged.accesstransformer.AccessTransformer/AXFORM]: Transforming net.minecraft.util.thread.BlockableEventLoop METHOD submitAsync(Ljava/lang/Runnable;)Ljava/util/concurrent/CompletableFuture; to access PUBLIC and LEAVE
[08Aug2024 11:22:48.399] [main/DEBUG] [io.netty.util.internal.logging.InternalLoggerFactory/]: Using SLF4J as the default logging framework
[08Aug2024 11:22:48.404] [main/DEBUG] [io.netty.util.ResourceLeakDetector/]: -Dio.netty.leakDetection.level: simple
[08Aug2024 11:22:48.405] [main/DEBUG] [io.netty.util.ResourceLeakDetector/]: -Dio.netty.leakDetection.targetRecords: 4
[08Aug2024 11:22:48.706] [main/DEBUG] [oshi.util.FileUtil/]: No oshi.properties file found from ClassLoader cpw.mods.modlauncher.TransformingClassLoader@36aa52d2
[08Aug2024 11:22:49.962] [main/DEBUG] [oshi.util.FileUtil/]: No oshi.architecture.properties file found from ClassLoader cpw.mods.modlauncher.TransformingClassLoader@36aa52d2
[08Aug2024 11:22:51.403] [pool-6-thread-1/DEBUG] [net.neoforged.coremod.transformer.CoreModBaseTransformer/COREMOD]: Transforming net/minecraft/world/level/block/FlowerPotBlock
[08Aug2024 11:22:52.093] [pool-6-thread-1/DEBUG] [net.neoforged.coremod.transformer.CoreModBaseTransformer/COREMOD]: Transforming net/minecraft/world/entity/EntityType
[08Aug2024 11:22:54.154] [pool-6-thread-1/DEBUG] [net.neoforged.coremod.transformer.CoreModBaseTransformer/COREMOD]: Transforming net/minecraft/world/level/biome/Biome
[08Aug2024 11:22:55.062] [pool-6-thread-1/DEBUG] [net.neoforged.coremod.transformer.CoreModBaseTransformer/COREMOD]: Transforming net/minecraft/world/entity/animal/frog/Tadpole
[08Aug2024 11:22:56.285] [pool-6-thread-1/DEBUG] [io.netty.util.internal.PlatformDependent0/]: -Dio.netty.noUnsafe: false
[08Aug2024 11:22:56.286] [pool-6-thread-1/DEBUG] [io.netty.util.internal.PlatformDependent0/]: Java version: 21
[08Aug2024 11:22:56.286] [pool-6-thread-1/DEBUG] [io.netty.util.internal.PlatformDependent0/]: sun.misc.Unsafe.theUnsafe: available
[08Aug2024 11:22:56.287] [pool-6-thread-1/DEBUG] [io.netty.util.internal.PlatformDependent0/]: sun.misc.Unsafe.copyMemory: available
[08Aug2024 11:22:56.288] [pool-6-thread-1/DEBUG] [io.netty.util.internal.PlatformDependent0/]: sun.misc.Unsafe.storeFence: available
[08Aug2024 11:22:56.289] [pool-6-thread-1/DEBUG] [io.netty.util.internal.PlatformDependent0/]: java.nio.Buffer.address: available
[08Aug2024 11:22:56.291] [pool-6-thread-1/DEBUG] [io.netty.util.internal.PlatformDependent0/]: java.nio.Bits.unaligned: available, true
[08Aug2024 11:22:56.294] [pool-6-thread-1/DEBUG] [io.netty.util.internal.PlatformDependent0/]: java.nio.DirectByteBuffer.<init>(long, {int,long}): unavailable
[08Aug2024 11:22:56.295] [pool-6-thread-1/DEBUG] [io.netty.util.internal.PlatformDependent/]: sun.misc.Unsafe: available
[08Aug2024 11:22:56.296] [pool-6-thread-1/DEBUG] [io.netty.util.internal.PlatformDependent/]: maxDirectMemory: 8547991552 bytes (maybe)
[08Aug2024 11:22:56.297] [pool-6-thread-1/DEBUG] [io.netty.util.internal.PlatformDependent/]: -Dio.netty.tmpdir: C:\Users\ytthe\AppData\Local\Temp (java.io.tmpdir)
[08Aug2024 11:22:56.297] [pool-6-thread-1/DEBUG] [io.netty.util.internal.PlatformDependent/]: -Dio.netty.bitMode: 64 (sun.arch.data.model)
[08Aug2024 11:22:56.298] [pool-6-thread-1/DEBUG] [io.netty.util.internal.PlatformDependent/]: Platform: Windows
[08Aug2024 11:22:56.299] [pool-6-thread-1/DEBUG] [io.netty.util.internal.PlatformDependent/]: -Dio.netty.maxDirectMemory: -1 bytes
[08Aug2024 11:22:56.300] [pool-6-thread-1/DEBUG] [io.netty.util.internal.PlatformDependent/]: -Dio.netty.uninitializedArrayAllocationThreshold: -1
[08Aug2024 11:22:56.302] [pool-6-thread-1/DEBUG] [io.netty.util.internal.CleanerJava9/]: java.nio.ByteBuffer.cleaner(): available
[08Aug2024 11:22:56.302] [pool-6-thread-1/DEBUG] [io.netty.util.internal.PlatformDependent/]: -Dio.netty.noPreferDirect: false
[08Aug2024 11:22:58.095] [pool-6-thread-1/DEBUG] [net.neoforged.coremod.transformer.CoreModBaseTransformer/COREMOD]: Transforming net/minecraft/world/entity/monster/Spider
[08Aug2024 11:22:58.200] [pool-6-thread-1/DEBUG] [net.neoforged.coremod.transformer.CoreModBaseTransformer/COREMOD]: Transforming net/minecraft/world/entity/monster/Zombie
[08Aug2024 11:22:58.277] [pool-6-thread-1/DEBUG] [net.neoforged.coremod.transformer.CoreModBaseTransformer/COREMOD]: Transforming net/minecraft/world/entity/monster/ZombieVillager
[08Aug2024 11:22:58.398] [pool-6-thread-1/DEBUG] [net.neoforged.coremod.transformer.CoreModBaseTransformer/COREMOD]: Transforming net/minecraft/world/entity/monster/Evoker$EvokerSummonSpellGoal
[08Aug2024 11:22:58.705] [pool-6-thread-1/DEBUG] [net.neoforged.coremod.transformer.CoreModBaseTransformer/COREMOD]: Transforming net/minecraft/world/entity/animal/horse/SkeletonTrapGoal
[08Aug2024 11:22:58.747] [pool-6-thread-1/DEBUG] [net.neoforged.coremod.transformer.CoreModBaseTransformer/COREMOD]: Transforming net/minecraft/world/entity/monster/Strider
[08Aug2024 11:22:58.922] [pool-6-thread-1/DEBUG] [net.neoforged.coremod.transformer.CoreModBaseTransformer/COREMOD]: Transforming net/minecraft/world/entity/npc/Villager
[08Aug2024 11:22:59.438] [Datafixer Bootstrap/INFO] [com.mojang.datafixers.DataFixerBuilder/]: 225 Datafixer optimizations took 1514 milliseconds
[08Aug2024 11:23:01.436] [pool-6-thread-1/DEBUG] [net.neoforged.coremod.transformer.CoreModBaseTransformer/COREMOD]: Transforming net/minecraft/world/level/levelgen/structure/Structure
[08Aug2024 11:23:01.486] [pool-6-thread-1/DEBUG] [net.neoforged.coremod.transformer.CoreModBaseTransformer/COREMOD]: Transforming net/minecraft/world/level/levelgen/structure/structures/OceanRuinPieces$OceanRuinPiece
[08Aug2024 11:23:01.507] [pool-6-thread-1/DEBUG] [net.neoforged.coremod.transformer.CoreModBaseTransformer/COREMOD]: Transforming net/minecraft/world/level/levelgen/structure/structures/SwampHutPiece
[08Aug2024 11:23:01.536] [pool-6-thread-1/DEBUG] [net.neoforged.coremod.transformer.CoreModBaseTransformer/COREMOD]: Transforming net/minecraft/world/level/levelgen/structure/structures/OceanMonumentPieces$OceanMonumentPiece
[08Aug2024 11:23:01.570] [pool-6-thread-1/DEBUG] [net.neoforged.coremod.transformer.CoreModBaseTransformer/COREMOD]: Transforming net/minecraft/world/level/levelgen/structure/structures/WoodlandMansionPieces$WoodlandMansionPiece
[08Aug2024 11:23:02.420] [pool-6-thread-1/DEBUG] [net.neoforged.neoforge.registries.GameData/REGISTRIES]: Creating vanilla freeze snapshot
[08Aug2024 11:23:02.477] [pool-6-thread-1/DEBUG] [net.neoforged.neoforge.registries.GameData/REGISTRIES]: Vanilla freeze snapshot created
[08Aug2024 11:23:03.377] [main/DEBUG] [net.neoforged.coremod.transformer.CoreModBaseTransformer/COREMOD]: Transforming net/minecraft/server/commands/SummonCommand
[08Aug2024 11:23:03.550] [main/DEBUG] [net.neoforged.coremod.transformer.CoreModBaseTransformer/COREMOD]: Transforming net/minecraft/server/commands/RaidCommand
[08Aug2024 11:23:03.677] [main/WARN] [net.minecraft.commands.Commands/]: Ambiguity between arguments [teleport, location] and [teleport, destination] with inputs: [0.1 -0.5 .9, 0 0 0]
[08Aug2024 11:23:03.680] [main/WARN] [net.minecraft.commands.Commands/]: Ambiguity between arguments [teleport, location] and [teleport, targets] with inputs: [0.1 -0.5 .9, 0 0 0]
[08Aug2024 11:23:03.684] [main/WARN] [net.minecraft.commands.Commands/]: Ambiguity between arguments [teleport, destination] and [teleport, targets] with inputs: [Player, 0123, @e, dd12be42-52a9-4a91-a8a1-11c01849e498]
[08Aug2024 11:23:03.686] [main/WARN] [net.minecraft.commands.Commands/]: Ambiguity between arguments [teleport, targets] and [teleport, destination] with inputs: [Player, 0123, dd12be42-52a9-4a91-a8a1-11c01849e498]
[08Aug2024 11:23:03.687] [main/WARN] [net.minecraft.commands.Commands/]: Ambiguity between arguments [teleport, targets, location] and [teleport, targets, destination] with inputs: [0.1 -0.5 .9, 0 0 0]
[08Aug2024 11:23:03.886] [Render thread/WARN] [net.minecraft.server.packs.VanillaPackResourcesBuilder/]: Assets URL 'union:/C:/Users/ytthe/Desktop/monmods/.gradle/repositories/ng_dummy_ng/net/neoforged/neoforge/20.6.117/neoforge-20.6.117.jar%23192!/assets/.mcassetsroot' uses unexpected schema
[08Aug2024 11:23:03.886] [Render thread/WARN] [net.minecraft.server.packs.VanillaPackResourcesBuilder/]: Assets URL 'union:/C:/Users/ytthe/Desktop/monmods/.gradle/repositories/ng_dummy_ng/net/neoforged/neoforge/20.6.117/neoforge-20.6.117.jar%23192!/data/.mcassetsroot' uses unexpected schema
[08Aug2024 11:23:03.932] [Render thread/INFO] [com.mojang.authlib.yggdrasil.YggdrasilAuthenticationService/]: Environment: Environment[sessionHost=https://sessionserver.mojang.com, servicesHost=https://api.minecraftservices.com, name=PROD]
[08Aug2024 11:23:03.947] [Render thread/INFO] [net.minecraft.client.Minecraft/]: Setting user: Dev
[08Aug2024 11:23:04.135] [Render thread/INFO] [net.minecraft.client.Minecraft/]: Backend library: LWJGL version 3.3.3+5
[08Aug2024 11:23:04.464] [Render thread/DEBUG] [net.neoforged.fml.ModWorkManager/LOADING]: Using 8 threads for parallel mod-loading
[08Aug2024 11:23:04.846] [Render thread/DEBUG] [net.neoforged.fml.javafmlmod.FMLModContainer/LOADING]: Creating FMLModContainer instance for [net.neoforged.neoforge.common.NeoForgeMod, net.neoforged.neoforge.client.ClientNeoForgeMod]
[08Aug2024 11:23:04.851] [Render thread/DEBUG] [net.neoforged.fml.javafmlmod.FMLModContainer/LOADING]: Creating FMLModContainer instance for [net.mcreator.more_vanilla.MoreVanillaMod]
[08Aug2024 11:23:04.878] [modloading-worker-0/DEBUG] [net.neoforged.neoforge.internal.versions.neoforge.NeoForgeVersion/CORE]: Found NeoForge version 20.6.117
[08Aug2024 11:23:04.878] [modloading-worker-0/DEBUG] [net.neoforged.neoforge.internal.versions.neoforge.NeoForgeVersion/CORE]: Found FML version 3.0.45
[08Aug2024 11:23:04.878] [modloading-worker-0/INFO] [net.neoforged.neoforge.common.NeoForgeMod/NEOFORGE-MOD]: NeoForge mod loading, version 20.6.117, for MC 1.20.6
[08Aug2024 11:23:04.915] [modloading-worker-0/DEBUG] [net.neoforged.fml.config.ConfigTracker/CONFIG]: Config file neoforge-client.toml for neoforge tracking
[08Aug2024 11:23:04.915] [modloading-worker-0/DEBUG] [net.neoforged.fml.config.ConfigTracker/CONFIG]: Config file neoforge-server.toml for neoforge tracking
[08Aug2024 11:23:04.915] [modloading-worker-0/DEBUG] [net.neoforged.fml.config.ConfigTracker/CONFIG]: Config file neoforge-common.toml for neoforge tracking
[08Aug2024 11:23:04.972] [modloading-worker-0/DEBUG] [net.neoforged.fml.javafmlmod.AutomaticEventSubscriber/LOADING]: Attempting to inject @EventBusSubscriber classes into the eventbus for neoforge
[08Aug2024 11:23:04.976] [modloading-worker-0/DEBUG] [net.neoforged.fml.javafmlmod.AutomaticEventSubscriber/LOADING]: Auto-subscribing net.neoforged.neoforge.server.command.ConfigCommand to GAME
[08Aug2024 11:23:04.978] [modloading-worker-0/DEBUG] [net.neoforged.fml.javafmlmod.AutomaticEventSubscriber/LOADING]: Auto-subscribing net.neoforged.neoforge.network.filters.GenericPacketSplitter to MOD
[08Aug2024 11:23:05.017] [modloading-worker-0/DEBUG] [io.netty.buffer.AbstractByteBuf/]: -Dio.netty.buffer.checkAccessible: true
[08Aug2024 11:23:05.018] [modloading-worker-0/DEBUG] [io.netty.buffer.AbstractByteBuf/]: -Dio.netty.buffer.checkBounds: true
[08Aug2024 11:23:05.019] [modloading-worker-0/DEBUG] [io.netty.util.ResourceLeakDetectorFactory/]: Loaded default ResourceLeakDetector: io.netty.util.ResourceLeakDetector@71a6b9b
[08Aug2024 11:23:05.030] [modloading-worker-0/DEBUG] [io.netty.util.internal.InternalThreadLocalMap/]: -Dio.netty.threadLocalMap.stringBuilder.initialSize: 1024
[08Aug2024 11:23:05.031] [modloading-worker-0/DEBUG] [io.netty.util.internal.InternalThreadLocalMap/]: -Dio.netty.threadLocalMap.stringBuilder.maxSize: 4096
[08Aug2024 11:23:05.034] [modloading-worker-0/DEBUG] [io.netty.buffer.PooledByteBufAllocator/]: -Dio.netty.allocator.numHeapArenas: 16
[08Aug2024 11:23:05.035] [modloading-worker-0/DEBUG] [io.netty.buffer.PooledByteBufAllocator/]: -Dio.netty.allocator.numDirectArenas: 16
[08Aug2024 11:23:05.035] [modloading-worker-0/DEBUG] [io.netty.buffer.PooledByteBufAllocator/]: -Dio.netty.allocator.pageSize: 8192
[08Aug2024 11:23:05.035] [modloading-worker-0/DEBUG] [io.netty.buffer.PooledByteBufAllocator/]: -Dio.netty.allocator.maxOrder: 9
[08Aug2024 11:23:05.035] [modloading-worker-0/DEBUG] [io.netty.buffer.PooledByteBufAllocator/]: -Dio.netty.allocator.chunkSize: 4194304
[08Aug2024 11:23:05.035] [modloading-worker-0/DEBUG] [io.netty.buffer.PooledByteBufAllocator/]: -Dio.netty.allocator.smallCacheSize: 256
[08Aug2024 11:23:05.035] [modloading-worker-0/DEBUG] [io.netty.buffer.PooledByteBufAllocator/]: -Dio.netty.allocator.normalCacheSize: 64
[08Aug2024 11:23:05.035] [modloading-worker-0/DEBUG] [io.netty.buffer.PooledByteBufAllocator/]: -Dio.netty.allocator.maxCachedBufferCapacity: 32768
[08Aug2024 11:23:05.036] [modloading-worker-0/DEBUG] [io.netty.buffer.PooledByteBufAllocator/]: -Dio.netty.allocator.cacheTrimInterval: 8192
[08Aug2024 11:23:05.036] [modloading-worker-0/DEBUG] [io.netty.buffer.PooledByteBufAllocator/]: -Dio.netty.allocator.cacheTrimIntervalMillis: 0
[08Aug2024 11:23:05.036] [modloading-worker-0/DEBUG] [io.netty.buffer.PooledByteBufAllocator/]: -Dio.netty.allocator.useCacheForAllThreads: false
[08Aug2024 11:23:05.036] [modloading-worker-0/DEBUG] [io.netty.buffer.PooledByteBufAllocator/]: -Dio.netty.allocator.maxCachedByteBuffersPerChunk: 1023
[08Aug2024 11:23:05.046] [modloading-worker-0/DEBUG] [io.netty.buffer.ByteBufUtil/]: -Dio.netty.allocator.type: pooled
[08Aug2024 11:23:05.047] [modloading-worker-0/DEBUG] [io.netty.buffer.ByteBufUtil/]: -Dio.netty.threadLocalDirectBufferSize: 0
[08Aug2024 11:23:05.047] [modloading-worker-0/DEBUG] [io.netty.buffer.ByteBufUtil/]: -Dio.netty.maxThreadLocalCharBufferSize: 16384
[08Aug2024 11:23:05.056] [modloading-worker-0/DEBUG] [net.neoforged.fml.javafmlmod.AutomaticEventSubscriber/LOADING]: Auto-subscribing net.neoforged.neoforge.network.NetworkInitialization to MOD
[08Aug2024 11:23:05.059] [modloading-worker-0/DEBUG] [net.neoforged.fml.javafmlmod.AutomaticEventSubscriber/LOADING]: Auto-subscribing net.neoforged.neoforge.network.ConfigurationInitialization to MOD
[08Aug2024 11:23:05.062] [modloading-worker-0/DEBUG] [net.neoforged.fml.javafmlmod.AutomaticEventSubscriber/LOADING]: Auto-subscribing net.neoforged.neoforge.common.MonsterRoomHooks to GAME
[08Aug2024 11:23:05.064] [modloading-worker-0/DEBUG] [net.neoforged.fml.javafmlmod.AutomaticEventSubscriber/LOADING]: Auto-subscribing net.neoforged.neoforge.common.DeferredSpawnEggItem$CommonHandler to MOD
[08Aug2024 11:23:05.065] [modloading-worker-0/DEBUG] [net.neoforged.fml.javafmlmod.AutomaticEventSubscriber/LOADING]: Auto-subscribing net.neoforged.neoforge.common.DeferredSpawnEggItem$ColorRegisterHandler to MOD
[08Aug2024 11:23:05.067] [modloading-worker-0/DEBUG] [net.neoforged.fml.javafmlmod.AutomaticEventSubscriber/LOADING]: Auto-subscribing net.neoforged.neoforge.client.model.data.ModelDataManager to GAME
[08Aug2024 11:23:05.069] [modloading-worker-0/DEBUG] [net.neoforged.fml.javafmlmod.AutomaticEventSubscriber/LOADING]: Auto-subscribing net.neoforged.neoforge.client.ParticleBoundsDebugRenderer to GAME
[08Aug2024 11:23:05.073] [modloading-worker-0/DEBUG] [net.neoforged.fml.javafmlmod.AutomaticEventSubscriber/LOADING]: Auto-subscribing net.neoforged.neoforge.client.ClientHooks$ClientEvents to MOD
[08Aug2024 11:23:05.077] [modloading-worker-0/DEBUG] [net.neoforged.fml.javafmlmod.AutomaticEventSubscriber/LOADING]: Auto-subscribing net.neoforged.neoforge.client.BlockEntityRenderBoundsDebugRenderer to GAME
[08Aug2024 11:23:05.079] [modloading-worker-0/DEBUG] [net.neoforged.fml.javafmlmod.AutomaticEventSubscriber/LOADING]: Auto-subscribing net.neoforged.neoforge.attachment.AttachmentInternals to GAME
[08Aug2024 11:23:05.389] [modloading-worker-0/DEBUG] [net.neoforged.fml.javafmlmod.AutomaticEventSubscriber/LOADING]: Attempting to inject @EventBusSubscriber classes into the eventbus for more_vanilla
[08Aug2024 11:23:05.389] [modloading-worker-0/DEBUG] [net.neoforged.fml.javafmlmod.AutomaticEventSubscriber/LOADING]: Auto-subscribing net.mcreator.more_vanilla.init.MoreVanillaModBiomes to GAME
[08Aug2024 11:23:05.392] [modloading-worker-0/DEBUG] [net.neoforged.fml.javafmlmod.AutomaticEventSubscriber/LOADING]: Auto-subscribing net.mcreator.more_vanilla.init.MoreVanillaModBlockEntities to MOD
[08Aug2024 11:23:05.393] [modloading-worker-0/DEBUG] [net.neoforged.fml.javafmlmod.AutomaticEventSubscriber/LOADING]: Auto-subscribing net.mcreator.more_vanilla.init.MoreVanillaModEntities to MOD
[08Aug2024 11:23:05.395] [modloading-worker-0/DEBUG] [net.neoforged.fml.javafmlmod.AutomaticEventSubscriber/LOADING]: Auto-subscribing net.mcreator.more_vanilla.init.MoreVanillaModEntityRenderers to MOD
[08Aug2024 11:23:05.397] [modloading-worker-0/DEBUG] [net.neoforged.fml.javafmlmod.AutomaticEventSubscriber/LOADING]: Auto-subscribing net.mcreator.more_vanilla.init.MoreVanillaModFluids$FluidsClientSideHandler to MOD
[08Aug2024 11:23:05.399] [modloading-worker-0/DEBUG] [net.neoforged.fml.javafmlmod.AutomaticEventSubscriber/LOADING]: Auto-subscribing net.mcreator.more_vanilla.init.MoreVanillaModItems to MOD
[08Aug2024 11:23:05.400] [modloading-worker-0/DEBUG] [net.neoforged.fml.javafmlmod.AutomaticEventSubscriber/LOADING]: Auto-subscribing net.mcreator.more_vanilla.init.MoreVanillaModParticles to MOD
[08Aug2024 11:23:05.401] [modloading-worker-0/DEBUG] [net.neoforged.fml.javafmlmod.AutomaticEventSubscriber/LOADING]: Auto-subscribing net.mcreator.more_vanilla.init.MoreVanillaModScreens to MOD
[08Aug2024 11:23:05.404] [modloading-worker-0/DEBUG] [net.neoforged.fml.javafmlmod.AutomaticEventSubscriber/LOADING]: Auto-subscribing net.mcreator.more_vanilla.item.EmeraldarmorItem to MOD
[08Aug2024 11:23:05.407] [modloading-worker-0/DEBUG] [net.neoforged.fml.javafmlmod.AutomaticEventSubscriber/LOADING]: Auto-subscribing net.mcreator.more_vanilla.item.EnderiteArmorItem to MOD
[08Aug2024 11:23:05.409] [modloading-worker-0/DEBUG] [net.neoforged.fml.javafmlmod.AutomaticEventSubscriber/LOADING]: Auto-subscribing net.mcreator.more_vanilla.item.inventory.BackpackInventoryCapability to GAME
[08Aug2024 11:23:05.412] [modloading-worker-0/DEBUG] [net.neoforged.fml.javafmlmod.AutomaticEventSubscriber/LOADING]: Auto-subscribing net.mcreator.more_vanilla.item.RubyarmorItem to MOD
[08Aug2024 11:23:05.413] [modloading-worker-0/DEBUG] [net.neoforged.fml.javafmlmod.AutomaticEventSubscriber/LOADING]: Auto-subscribing net.mcreator.more_vanilla.item.SapphirearmorItem to MOD
[08Aug2024 11:23:05.413] [modloading-worker-0/DEBUG] [net.neoforged.fml.javafmlmod.AutomaticEventSubscriber/LOADING]: Auto-subscribing net.mcreator.more_vanilla.item.UpgradenetheritediamondItem to MOD
[08Aug2024 11:23:05.414] [modloading-worker-0/DEBUG] [net.neoforged.fml.javafmlmod.AutomaticEventSubscriber/LOADING]: Auto-subscribing net.mcreator.more_vanilla.item.UpgradenetheriteemerauldItem to MOD
[08Aug2024 11:23:05.415] [modloading-worker-0/DEBUG] [net.neoforged.fml.javafmlmod.AutomaticEventSubscriber/LOADING]: Auto-subscribing net.mcreator.more_vanilla.item.UpgradenetheritegoldItem to MOD
[08Aug2024 11:23:05.415] [modloading-worker-0/DEBUG] [net.neoforged.fml.javafmlmod.AutomaticEventSubscriber/LOADING]: Auto-subscribing net.mcreator.more_vanilla.item.UpgradenetheriteironArmorItem to MOD
[08Aug2024 11:23:05.416] [modloading-worker-0/DEBUG] [net.neoforged.fml.javafmlmod.AutomaticEventSubscriber/LOADING]: Auto-subscribing net.mcreator.more_vanilla.procedures.AnewstartProcedure to GAME
[08Aug2024 11:23:05.418] [modloading-worker-0/DEBUG] [net.neoforged.fml.javafmlmod.AutomaticEventSubscriber/LOADING]: Auto-subscribing net.mcreator.more_vanilla.world.dimension.EnderitedimensionDimension$EnderitedimensionSpecialEffectsHandler to MOD
[08Aug2024 11:23:05.422] [modloading-worker-0/DEBUG] [net.neoforged.fml.javafmlmod.AutomaticEventSubscriber/LOADING]: Auto-subscribing net.mcreator.more_vanilla.world.dimension.EnderitedimensionDimension to GAME
[08Aug2024 11:23:05.424] [modloading-worker-0/DEBUG] [net.neoforged.fml.javafmlmod.AutomaticEventSubscriber/LOADING]: Auto-subscribing net.mcreator.more_vanilla.world.features.treedecorators.FarendbiomeFruitDecorator to MOD
[08Aug2024 11:23:05.427] [modloading-worker-0/DEBUG] [net.neoforged.fml.javafmlmod.AutomaticEventSubscriber/LOADING]: Auto-subscribing net.mcreator.more_vanilla.world.teleporter.EnderitedimensionTeleporter to MOD
[08Aug2024 11:23:05.455] [modloading-sync-worker/DEBUG] [net.neoforged.neoforge.registries.GameData/REGISTRIES]: Unfreezing registries
[08Aug2024 11:23:05.870] [modloading-sync-worker/DEBUG] [net.neoforged.neoforge.registries.GameData/REGISTRIES]: Freezing registries
[08Aug2024 11:23:05.938] [modloading-sync-worker/DEBUG] [net.neoforged.neoforge.registries.GameData/REGISTRIES]: All registries frozen
[08Aug2024 11:23:06.722] [Render thread/INFO] [net.neoforged.neoforge.gametest.GameTestHooks/]: Enabled Gametest Namespaces: []
[08Aug2024 11:23:07.366] [Render thread/INFO] [net.minecraft.server.packs.resources.ReloadableResourceManager/]: Reloading ResourceManager: vanilla, mod_resources, mod/neoforge, mod/more_vanilla
[08Aug2024 11:23:07.538] [Render thread/DEBUG] [net.neoforged.fml.config.ConfigTracker/CONFIG]: Loading configs type CLIENT
[08Aug2024 11:23:07.544] [Render thread/DEBUG] [net.neoforged.fml.config.ConfigFileTypeHandler/CONFIG]: Built TOML config for C:\Users\ytthe\Desktop\monmods\runs\client\config\neoforge-client.toml
[08Aug2024 11:23:07.549] [Render thread/DEBUG] [net.neoforged.fml.config.ConfigFileTypeHandler/CONFIG]: Loaded TOML config file C:\Users\ytthe\Desktop\monmods\runs\client\config\neoforge-client.toml
[08Aug2024 11:23:07.564] [Worker-Main-5/INFO] [net.minecraft.client.gui.font.providers.UnihexProvider/]: Found unifont_all_no_pua-15.1.04.hex, loading
[08Aug2024 11:23:07.570] [Render thread/DEBUG] [net.neoforged.fml.config.ConfigFileTypeHandler/CONFIG]: Watching TOML config file C:\Users\ytthe\Desktop\monmods\runs\client\config\neoforge-client.toml for changes
[08Aug2024 11:23:07.592] [Render thread/DEBUG] [net.neoforged.neoforge.common.NeoForgeConfig/FORGEMOD]: Loaded NeoForge config file neoforge-client.toml
[08Aug2024 11:23:07.594] [Render thread/DEBUG] [net.neoforged.fml.config.ConfigTracker/CONFIG]: Loading configs type COMMON
[08Aug2024 11:23:07.594] [Render thread/DEBUG] [net.neoforged.fml.config.ConfigFileTypeHandler/CONFIG]: Built TOML config for C:\Users\ytthe\Desktop\monmods\runs\client\config\neoforge-common.toml
[08Aug2024 11:23:07.596] [Render thread/DEBUG] [net.neoforged.fml.config.ConfigFileTypeHandler/CONFIG]: Loaded TOML config file C:\Users\ytthe\Desktop\monmods\runs\client\config\neoforge-common.toml
[08Aug2024 11:23:07.596] [Render thread/DEBUG] [net.neoforged.fml.config.ConfigFileTypeHandler/CONFIG]: Watching TOML config file C:\Users\ytthe\Desktop\monmods\runs\client\config\neoforge-common.toml for changes
[08Aug2024 11:23:07.597] [Render thread/DEBUG] [net.neoforged.neoforge.common.NeoForgeConfig/FORGEMOD]: Loaded NeoForge config file neoforge-common.toml
[08Aug2024 11:23:08.275] [Worker-Main-3/INFO] [net.minecraft.client.gui.font.providers.UnihexProvider/]: Found unifont_jp_patch-15.1.04.hex, loading
[08Aug2024 11:23:08.277] [Render thread/DEBUG] [net.neoforged.fml.DeferredWorkQueue/LOADING]: Dispatching synchronous work for work queue Common setup: 1 jobs
[08Aug2024 11:23:08.279] [Render thread/DEBUG] [net.neoforged.fml.DeferredWorkQueue/LOADING]: Synchronous work queue completed in 1.387 ms
[08Aug2024 11:23:11.710] [Render thread/WARN] [net.minecraft.client.sounds.SoundEngine/]: Missing sound for event: minecraft:item.goat_horn.play
[08Aug2024 11:23:11.711] [Render thread/WARN] [net.minecraft.client.sounds.SoundEngine/]: Missing sound for event: minecraft:entity.goat.screaming.horn_break
[08Aug2024 11:23:11.809] [Render thread/INFO] [com.mojang.blaze3d.audio.Library/]: OpenAL initialized on device OpenAL Soft on Haut-parleurs (Razer Kraken V3)
[08Aug2024 11:23:11.810] [Render thread/INFO] [net.minecraft.client.sounds.SoundEngine/SOUNDS]: Sound engine started
[08Aug2024 11:23:12.000] [Render thread/INFO] [net.minecraft.client.renderer.texture.TextureAtlas/]: Created: 1024x1024x2 minecraft:textures/atlas/blocks.png-atlas
[08Aug2024 11:23:12.206] [Render thread/INFO] [net.minecraft.client.renderer.texture.TextureAtlas/]: Created: 256x256x2 minecraft:textures/atlas/signs.png-atlas
[08Aug2024 11:23:12.211] [Render thread/INFO] [net.minecraft.client.renderer.texture.TextureAtlas/]: Created: 512x512x2 minecraft:textures/atlas/shield_patterns.png-atlas
[08Aug2024 11:23:12.223] [Render thread/INFO] [net.minecraft.client.renderer.texture.TextureAtlas/]: Created: 512x512x2 minecraft:textures/atlas/banner_patterns.png-atlas
[08Aug2024 11:23:12.233] [Render thread/INFO] [net.minecraft.client.renderer.texture.TextureAtlas/]: Created: 1024x1024x2 minecraft:textures/atlas/armor_trims.png-atlas
[08Aug2024 11:23:12.337] [Render thread/INFO] [net.minecraft.client.renderer.texture.TextureAtlas/]: Created: 128x64x2 minecraft:textures/atlas/decorated_pot.png-atlas
[08Aug2024 11:23:12.340] [Render thread/INFO] [net.minecraft.client.renderer.texture.TextureAtlas/]: Created: 256x256x2 minecraft:textures/atlas/chest.png-atlas
[08Aug2024 11:23:12.343] [Render thread/INFO] [net.minecraft.client.renderer.texture.TextureAtlas/]: Created: 512x256x2 minecraft:textures/atlas/shulker_boxes.png-atlas
[08Aug2024 11:23:12.350] [Render thread/INFO] [net.minecraft.client.renderer.texture.TextureAtlas/]: Created: 512x256x2 minecraft:textures/atlas/beds.png-atlas
[08Aug2024 11:23:12.483] [Render thread/INFO] [net.minecraft.client.renderer.texture.TextureAtlas/]: Created: 256x1024x0 minecraft:textures/atlas/particles.png-atlas
[08Aug2024 11:23:12.520] [Render thread/INFO] [net.minecraft.client.renderer.texture.TextureAtlas/]: Created: 256x256x0 minecraft:textures/atlas/paintings.png-atlas
[08Aug2024 11:23:12.525] [Render thread/INFO] [net.minecraft.client.renderer.texture.TextureAtlas/]: Created: 256x128x0 minecraft:textures/atlas/mob_effects.png-atlas
[08Aug2024 11:23:12.530] [Render thread/INFO] [net.minecraft.client.renderer.texture.TextureAtlas/]: Created: 64x64x0 minecraft:textures/atlas/map_decorations.png-atlas
[08Aug2024 11:23:12.536] [Render thread/INFO] [net.minecraft.client.renderer.texture.TextureAtlas/]: Created: 1024x512x0 minecraft:textures/atlas/gui.png-atlas
[08Aug2024 11:23:13.039] [Render thread/WARN] [net.minecraft.client.renderer.ShaderInstance/]: Shader rendertype_entity_translucent_emissive could not find sampler named Sampler2 in the specified shader program.
[08Aug2024 11:23:45.014] [Render thread/INFO] [net.minecraft.world.level.storage.LevelStorageSource/]: Deleting level Nouveau monde
[08Aug2024 11:23:45.014] [Render thread/INFO] [net.minecraft.world.level.storage.LevelStorageSource/]: Attempt 1...
[08Aug2024 11:23:46.452] [Worker-Main-1/ERROR] [net.minecraft.tags.TagLoader/]: Couldn't load tag minecraft:water as it is missing following references: 
	thedemonmod:eauregenerante (from mod/more_vanilla)
	thedemonmod:eauregenerante_flowing (from mod/more_vanilla)
[08Aug2024 11:23:46.846] [Render thread/INFO] [net.minecraft.world.item.crafting.RecipeManager/]: Loaded 1346 recipes
[08Aug2024 11:23:47.291] [Render thread/INFO] [net.minecraft.advancements.AdvancementTree/]: Loaded 1332 advancements
[08Aug2024 11:24:34.837] [Render thread/DEBUG] [net.neoforged.neoforge.common.CommonHooks/WP]: Gathered mod list to write to world save New World
[08Aug2024 11:24:34.896] [Server thread/INFO] [net.minecraft.client.server.IntegratedServer/]: Starting integrated minecraft server version 1.20.6
[08Aug2024 11:24:34.897] [Server thread/INFO] [net.minecraft.server.MinecraftServer/]: Generating keypair
[08Aug2024 11:24:35.017] [Server thread/DEBUG] [net.neoforged.fml.config.ConfigTracker/CONFIG]: Loading configs type SERVER
[08Aug2024 11:24:35.018] [Server thread/DEBUG] [net.neoforged.fml.config.ConfigFileTypeHandler/CONFIG]: Built TOML config for C:\Users\ytthe\Desktop\monmods\runs\client\config\neoforge-server.toml
[08Aug2024 11:24:35.021] [Server thread/DEBUG] [net.neoforged.fml.config.ConfigFileTypeHandler/CONFIG]: Loaded TOML config file C:\Users\ytthe\Desktop\monmods\runs\client\config\neoforge-server.toml
[08Aug2024 11:24:35.021] [Server thread/DEBUG] [net.neoforged.fml.config.ConfigFileTypeHandler/CONFIG]: Watching TOML config file C:\Users\ytthe\Desktop\monmods\runs\client\config\neoforge-server.toml for changes
[08Aug2024 11:24:35.022] [Server thread/DEBUG] [net.neoforged.neoforge.common.NeoForgeConfig/FORGEMOD]: Loaded NeoForge config file neoforge-server.toml
[08Aug2024 11:24:35.316] [Server thread/DEBUG] [net.neoforged.coremod.transformer.CoreModBaseTransformer/COREMOD]: Transforming net/minecraft/world/level/levelgen/PhantomSpawner
[08Aug2024 11:24:35.330] [Server thread/DEBUG] [net.neoforged.coremod.transformer.CoreModBaseTransformer/COREMOD]: Transforming net/minecraft/world/level/levelgen/PatrolSpawner
[08Aug2024 11:24:35.337] [Server thread/DEBUG] [net.neoforged.coremod.transformer.CoreModBaseTransformer/COREMOD]: Transforming net/minecraft/world/entity/npc/CatSpawner
[08Aug2024 11:24:35.343] [Server thread/DEBUG] [net.neoforged.coremod.transformer.CoreModBaseTransformer/COREMOD]: Transforming net/minecraft/world/entity/ai/village/VillageSiege
[08Aug2024 11:24:38.882] [worldgen/DEBUG] [net.neoforged.coremod.transformer.CoreModBaseTransformer/COREMOD]: Transforming net/minecraft/world/level/levelgen/structure/templatesystem/StructureTemplate
[08Aug2024 11:24:41.531] [worldgen/DEBUG] [net.neoforged.coremod.transformer.CoreModBaseTransformer/COREMOD]: Transforming net/minecraft/world/level/NaturalSpawner
[08Aug2024 11:24:41.656] [Server thread/INFO] [net.minecraft.server.MinecraftServer/]: Preparing start region for dimension minecraft:overworld
[08Aug2024 11:24:42.007] [progressListener/INFO] [net.minecraft.server.level.progress.LoggerChunkProgressListener/]: Preparing spawn area: 2%
[08Aug2024 11:24:42.311] [progressListener/INFO] [net.minecraft.server.level.progress.LoggerChunkProgressListener/]: Preparing spawn area: 2%
[08Aug2024 11:24:42.754] [progressListener/INFO] [net.minecraft.server.level.progress.LoggerChunkProgressListener/]: Preparing spawn area: 2%
[08Aug2024 11:24:43.267] [progressListener/INFO] [net.minecraft.server.level.progress.LoggerChunkProgressListener/]: Preparing spawn area: 4%
[08Aug2024 11:24:43.554] [worldgen/DEBUG] [io.netty.util.internal.ThreadLocalRandom/]: -Dio.netty.initialSeedUniquifier: 0xea2cb79224e7a830
[08Aug2024 11:24:43.703] [progressListener/INFO] [net.minecraft.server.level.progress.LoggerChunkProgressListener/]: Preparing spawn area: 8%
[08Aug2024 11:24:44.249] [progressListener/INFO] [net.minecraft.server.level.progress.LoggerChunkProgressListener/]: Preparing spawn area: 18%
[08Aug2024 11:24:44.716] [progressListener/INFO] [net.minecraft.server.level.progress.LoggerChunkProgressListener/]: Preparing spawn area: 18%
[08Aug2024 11:24:45.217] [progressListener/INFO] [net.minecraft.server.level.progress.LoggerChunkProgressListener/]: Preparing spawn area: 28%
[08Aug2024 11:24:45.707] [progressListener/INFO] [net.minecraft.server.level.progress.LoggerChunkProgressListener/]: Preparing spawn area: 36%
[08Aug2024 11:24:46.227] [progressListener/INFO] [net.minecraft.server.level.progress.LoggerChunkProgressListener/]: Preparing spawn area: 51%
[08Aug2024 11:24:46.742] [progressListener/INFO] [net.minecraft.server.level.progress.LoggerChunkProgressListener/]: Preparing spawn area: 55%
[08Aug2024 11:24:47.209] [progressListener/INFO] [net.minecraft.server.level.progress.LoggerChunkProgressListener/]: Preparing spawn area: 61%
[08Aug2024 11:24:47.821] [progressListener/INFO] [net.minecraft.server.level.progress.LoggerChunkProgressListener/]: Preparing spawn area: 71%
[08Aug2024 11:24:48.323] [progressListener/INFO] [net.minecraft.server.level.progress.LoggerChunkProgressListener/]: Preparing spawn area: 87%
[08Aug2024 11:24:48.418] [Server thread/INFO] [net.neoforged.neoforge.server.permission.PermissionAPI/]: Successfully initialized permission handler neoforge:default_handler
[08Aug2024 11:24:48.421] [Server thread/WARN] [net.neoforged.neoforge.common.TagConventionLogWarning/]: 
   Dev warning - Legacy Tags detected. Please migrate your 'forge' namespace tags to the 'c' namespace! See net.neoforged.neoforge.common.Tags.java for all tags.
   NOTE: Many tags have been moved around or renamed. Some new ones were added so please review the new tags.
    And make sure you follow tag conventions for new tags! The convention is `c` with nouns generally being plural and adjectives being singular.
   You can disable this message in NeoForge's common config by setting `logLegacyTagWarnings` to "SILENCED" or see individual tags with "DEV_VERBOSE".

[08Aug2024 11:24:48.462] [progressListener/INFO] [net.minecraft.server.level.progress.LoggerChunkProgressListener/]: Time elapsed: 6768 ms
[08Aug2024 11:24:48.508] [Server thread/INFO] [net.minecraft.client.server.IntegratedServer/]: Changing view distance to 5, from 10
[08Aug2024 11:24:48.509] [Server thread/INFO] [net.minecraft.client.server.IntegratedServer/]: Changing simulation distance to 12, from 0
[08Aug2024 11:24:48.568] [Render thread/DEBUG] [io.netty.channel.MultithreadEventLoopGroup/]: -Dio.netty.eventLoopThreads: 16
[08Aug2024 11:24:48.589] [Render thread/DEBUG] [io.netty.util.concurrent.GlobalEventExecutor/]: -Dio.netty.globalEventExecutor.quietPeriodSeconds: 1
[08Aug2024 11:24:48.609] [Render thread/DEBUG] [io.netty.channel.nio.NioEventLoop/]: -Dio.netty.noKeySetOptimization: false
[08Aug2024 11:24:48.609] [Render thread/DEBUG] [io.netty.channel.nio.NioEventLoop/]: -Dio.netty.selectorAutoRebuildThreshold: 512
[08Aug2024 11:24:48.621] [Render thread/DEBUG] [io.netty.util.internal.PlatformDependent/]: org.jctools-core.MpscChunkedArrayQueue: available
[08Aug2024 11:24:48.670] [Render thread/DEBUG] [io.netty.channel.DefaultChannelId/]: -Dio.netty.processId: 20912 (auto-detected)
[08Aug2024 11:24:48.674] [Render thread/DEBUG] [io.netty.util.NetUtil/]: -Djava.net.preferIPv4Stack: false
[08Aug2024 11:24:48.674] [Render thread/DEBUG] [io.netty.util.NetUtil/]: -Djava.net.preferIPv6Addresses: system
[08Aug2024 11:24:48.681] [Render thread/DEBUG] [io.netty.util.NetUtilInitializations/]: Loopback interface: loopback_0 (Software Loopback Interface 1, 0:0:0:0:0:0:0:1)
[08Aug2024 11:24:48.686] [Render thread/DEBUG] [io.netty.util.NetUtil/]: Failed to get SOMAXCONN from sysctl and file \proc\sys\net\core\somaxconn. Default: 200
[08Aug2024 11:24:48.689] [Render thread/DEBUG] [io.netty.channel.DefaultChannelId/]: -Dio.netty.machineId: 08:8f:c3:ff:fe:1d:a1:ec (auto-detected)
[08Aug2024 11:24:48.833] [Render thread/DEBUG] [io.netty.util.Recycler/]: -Dio.netty.recycler.maxCapacityPerThread: 4096
[08Aug2024 11:24:48.833] [Render thread/DEBUG] [io.netty.util.Recycler/]: -Dio.netty.recycler.ratio: 8
[08Aug2024 11:24:48.833] [Render thread/DEBUG] [io.netty.util.Recycler/]: -Dio.netty.recycler.chunkSize: 32
[08Aug2024 11:24:48.833] [Render thread/DEBUG] [io.netty.util.Recycler/]: -Dio.netty.recycler.blocking: false
[08Aug2024 11:24:48.834] [Render thread/DEBUG] [io.netty.util.Recycler/]: -Dio.netty.recycler.batchFastThreadLocalOnly: true
[08Aug2024 11:24:49.003] [Netty Server IO #1/DEBUG] [net.neoforged.neoforge.network.filters.NetworkFilters/]: Injected net.neoforged.neoforge.network.filters.GenericPacketSplitter@691f59ed into net.minecraft.network.Connection@5986221b
[08Aug2024 11:24:49.011] [Netty Local Client IO #0/DEBUG] [net.neoforged.neoforge.network.filters.NetworkFilters/]: Injected net.neoforged.neoforge.network.filters.GenericPacketSplitter@7013d174 into net.minecraft.network.Connection@44bada40
[08Aug2024 11:24:49.689] [Netty Server IO #1/DEBUG] [net.neoforged.neoforge.network.filters.NetworkFilters/]: Injected net.neoforged.neoforge.network.filters.GenericPacketSplitter@3871aa63 into net.minecraft.network.Connection@5986221b
[08Aug2024 11:24:49.782] [Server thread/INFO] [net.minecraft.server.players.PlayerList/]: Dev[local:E:45851e4e] logged in with entity id 13 at (1.5, 71.0, 6.5)
[08Aug2024 11:24:49.977] [Server thread/INFO] [net.minecraft.server.MinecraftServer/]: Dev joined the game
[08Aug2024 11:24:50.005] [Server thread/INFO] [net.minecraft.server.MinecraftServer/]: Dev has made the advancement [A start for an adventure]
[08Aug2024 11:24:50.318] [Render thread/INFO] [net.minecraft.client.gui.components.ChatComponent/]: [System] [CHAT] Dev has made the advancement [A start for an adventure]
[08Aug2024 11:24:50.327] [Render thread/INFO] [net.minecraft.client.gui.components.ChatComponent/]: [System] [CHAT] Check https://www.curseforge.com/minecraft/mc-mods/more-vanilla if there are a new version
[08Aug2024 11:24:50.328] [Render thread/INFO] [net.minecraft.advancements.AdvancementTree/]: Loaded 17 advancements
[08Aug2024 11:24:54.777] [Render thread/DEBUG] [net.neoforged.coremod.transformer.CoreModBaseTransformer/COREMOD]: Transforming net/minecraft/world/entity/raid/Raid
[08Aug2024 11:25:04.593] [Server thread/INFO] [net.minecraft.client.server.IntegratedServer/]: Saving and pausing game...
[08Aug2024 11:25:04.639] [Server thread/INFO] [net.minecraft.server.MinecraftServer/]: Saving chunks for level 'ServerLevel[New World]'/minecraft:overworld
[08Aug2024 11:25:04.744] [Server thread/INFO] [net.minecraft.server.MinecraftServer/]: Saving chunks for level 'ServerLevel[New World]'/minecraft:the_nether
[08Aug2024 11:25:04.750] [Server thread/INFO] [net.minecraft.server.MinecraftServer/]: Saving chunks for level 'ServerLevel[New World]'/more_vanilla:enderitedimension
[08Aug2024 11:25:04.757] [Server thread/INFO] [net.minecraft.server.MinecraftServer/]: Saving chunks for level 'ServerLevel[New World]'/minecraft:the_end
[08Aug2024 11:25:05.335] [Server thread/DEBUG] [net.neoforged.neoforge.common.CommonHooks/WP]: Gathered mod list to write to world save New World
[08Aug2024 11:25:13.053] [Server thread/INFO] [net.minecraft.server.MinecraftServer/]: Dev has made the advancement [Soon the enderite dimension]
[08Aug2024 11:25:13.068] [Render thread/INFO] [net.minecraft.client.gui.components.ChatComponent/]: [System] [CHAT] Dev has made the advancement [Soon the enderite dimension]
[08Aug2024 11:25:13.104] [Render thread/INFO] [net.minecraft.advancements.AdvancementTree/]: Loaded 18 advancements
[08Aug2024 11:25:27.152] [Server thread/INFO] [net.minecraft.server.MinecraftServer/]: Dev has completed the challenge [The enderite dimension]
[08Aug2024 11:25:27.224] [Render thread/INFO] [net.minecraft.client.gui.components.ChatComponent/]: [System] [CHAT] Dev has completed the challenge [The enderite dimension]
[08Aug2024 11:25:27.411] [Render thread/INFO] [net.minecraft.advancements.AdvancementTree/]: Loaded 18 advancements
[08Aug2024 11:25:47.673] [Server thread/INFO] [net.minecraft.client.server.IntegratedServer/]: Saving and pausing game...
[08Aug2024 11:25:47.687] [Server thread/INFO] [net.minecraft.server.MinecraftServer/]: Saving chunks for level 'ServerLevel[New World]'/minecraft:overworld
[08Aug2024 11:25:47.705] [Server thread/INFO] [net.minecraft.server.MinecraftServer/]: Saving chunks for level 'ServerLevel[New World]'/minecraft:the_nether
[08Aug2024 11:25:47.713] [Server thread/INFO] [net.minecraft.server.MinecraftServer/]: Saving chunks for level 'ServerLevel[New World]'/more_vanilla:enderitedimension
[08Aug2024 11:25:47.724] [Server thread/INFO] [net.minecraft.server.MinecraftServer/]: Saving chunks for level 'ServerLevel[New World]'/minecraft:the_end
[08Aug2024 11:25:47.929] [Server thread/DEBUG] [net.neoforged.neoforge.common.CommonHooks/WP]: Gathered mod list to write to world save New World
[08Aug2024 11:26:02.722] [Server thread/INFO] [net.minecraft.client.server.IntegratedServer/]: Saving and pausing game...
[08Aug2024 11:26:02.739] [Server thread/INFO] [net.minecraft.server.MinecraftServer/]: Saving chunks for level 'ServerLevel[New World]'/minecraft:overworld
[08Aug2024 11:26:02.745] [Server thread/INFO] [net.minecraft.server.MinecraftServer/]: Saving chunks for level 'ServerLevel[New World]'/minecraft:the_nether
[08Aug2024 11:26:02.747] [Server thread/INFO] [net.minecraft.server.MinecraftServer/]: Saving chunks for level 'ServerLevel[New World]'/more_vanilla:enderitedimension
[08Aug2024 11:26:02.754] [Server thread/INFO] [net.minecraft.server.MinecraftServer/]: Saving chunks for level 'ServerLevel[New World]'/minecraft:the_end
[08Aug2024 11:26:02.830] [Server thread/DEBUG] [net.neoforged.neoforge.common.CommonHooks/WP]: Gathered mod list to write to world save New World
[08Aug2024 11:26:16.628] [Server thread/INFO] [net.minecraft.client.server.IntegratedServer/]: Changing view distance to 8, from 5
[08Aug2024 11:26:16.635] [Server thread/INFO] [net.minecraft.client.server.IntegratedServer/]: Changing simulation distance to 8, from 12
[08Aug2024 11:26:49.623] [Server thread/INFO] [net.minecraft.client.server.IntegratedServer/]: Saving and pausing game...
[08Aug2024 11:26:49.634] [Server thread/INFO] [net.minecraft.server.MinecraftServer/]: Saving chunks for level 'ServerLevel[New World]'/minecraft:overworld
[08Aug2024 11:26:49.641] [Server thread/INFO] [net.minecraft.server.MinecraftServer/]: Saving chunks for level 'ServerLevel[New World]'/minecraft:the_nether
[08Aug2024 11:26:49.645] [Server thread/INFO] [net.minecraft.server.MinecraftServer/]: Saving chunks for level 'ServerLevel[New World]'/more_vanilla:enderitedimension
[08Aug2024 11:26:49.658] [Server thread/INFO] [net.minecraft.server.MinecraftServer/]: Saving chunks for level 'ServerLevel[New World]'/minecraft:the_end
[08Aug2024 11:26:49.731] [Server thread/DEBUG] [net.neoforged.neoforge.common.CommonHooks/WP]: Gathered mod list to write to world save New World
[08Aug2024 11:26:51.030] [Server thread/INFO] [net.minecraft.server.network.ServerGamePacketListenerImpl/]: Dev lost connection: Disconnected
[08Aug2024 11:26:51.031] [Server thread/INFO] [net.minecraft.server.MinecraftServer/]: Dev left the game
[08Aug2024 11:26:51.045] [Server thread/INFO] [net.minecraft.server.network.ServerCommonPacketListenerImpl/]: Stopping singleplayer server as player logged out
[08Aug2024 11:26:51.073] [Server thread/INFO] [net.minecraft.server.MinecraftServer/]: Stopping server
[08Aug2024 11:26:51.073] [Server thread/INFO] [net.minecraft.server.MinecraftServer/]: Saving players
[08Aug2024 11:26:51.073] [Server thread/INFO] [net.minecraft.server.MinecraftServer/]: Saving worlds
[08Aug2024 11:26:53.605] [Server thread/INFO] [net.minecraft.server.MinecraftServer/]: Saving chunks for level 'ServerLevel[New World]'/minecraft:overworld
[08Aug2024 11:26:53.646] [Server thread/INFO] [net.minecraft.server.MinecraftServer/]: Saving chunks for level 'ServerLevel[New World]'/minecraft:the_nether
[08Aug2024 11:26:53.650] [Server thread/INFO] [net.minecraft.server.MinecraftServer/]: Saving chunks for level 'ServerLevel[New World]'/more_vanilla:enderitedimension
[08Aug2024 11:26:53.687] [Server thread/INFO] [net.minecraft.server.MinecraftServer/]: Saving chunks for level 'ServerLevel[New World]'/minecraft:the_end
[08Aug2024 11:26:53.787] [Server thread/DEBUG] [net.neoforged.neoforge.common.CommonHooks/WP]: Gathered mod list to write to world save New World
[08Aug2024 11:26:53.867] [Server thread/INFO] [net.minecraft.server.MinecraftServer/]: ThreadedAnvilChunkStorage (New World): All chunks are saved
[08Aug2024 11:26:53.867] [Server thread/INFO] [net.minecraft.server.MinecraftServer/]: ThreadedAnvilChunkStorage (DIM-1): All chunks are saved
[08Aug2024 11:26:53.867] [Server thread/INFO] [net.minecraft.server.MinecraftServer/]: ThreadedAnvilChunkStorage (enderitedimension): All chunks are saved
[08Aug2024 11:26:53.867] [Server thread/INFO] [net.minecraft.server.MinecraftServer/]: ThreadedAnvilChunkStorage (DIM1): All chunks are saved
[08Aug2024 11:26:53.867] [Server thread/INFO] [net.minecraft.server.MinecraftServer/]: ThreadedAnvilChunkStorage: All dimensions are saved
[08Aug2024 11:26:53.928] [Server thread/DEBUG] [net.neoforged.fml.config.ConfigTracker/CONFIG]: Unloading configs type SERVER
[08Aug2024 11:27:48.051] [Render thread/INFO] [net.minecraft.world.level.storage.LevelStorageSource/]: Deleting level New World
[08Aug2024 11:27:48.051] [Render thread/INFO] [net.minecraft.world.level.storage.LevelStorageSource/]: Attempt 1...
[08Aug2024 11:27:49.185] [Worker-Main-6/ERROR] [net.minecraft.tags.TagLoader/]: Couldn't load tag minecraft:water as it is missing following references: 
	thedemonmod:eauregenerante (from mod/more_vanilla)
	thedemonmod:eauregenerante_flowing (from mod/more_vanilla)
[08Aug2024 11:27:49.437] [Render thread/INFO] [net.minecraft.world.item.crafting.RecipeManager/]: Loaded 1346 recipes
[08Aug2024 11:27:49.594] [Render thread/INFO] [net.minecraft.advancements.AdvancementTree/]: Loaded 1332 advancements
[08Aug2024 11:28:13.458] [Render thread/DEBUG] [net.neoforged.neoforge.common.CommonHooks/WP]: Gathered mod list to write to world save New World
[08Aug2024 11:28:13.469] [Server thread/INFO] [net.minecraft.client.server.IntegratedServer/]: Starting integrated minecraft server version 1.20.6
[08Aug2024 11:28:13.469] [Server thread/INFO] [net.minecraft.server.MinecraftServer/]: Generating keypair
[08Aug2024 11:28:13.593] [Server thread/DEBUG] [net.neoforged.fml.config.ConfigTracker/CONFIG]: Loading configs type SERVER
[08Aug2024 11:28:13.593] [Server thread/DEBUG] [net.neoforged.fml.config.ConfigFileTypeHandler/CONFIG]: Built TOML config for C:\Users\ytthe\Desktop\monmods\runs\client\config\neoforge-server.toml
[08Aug2024 11:28:13.595] [Server thread/DEBUG] [net.neoforged.fml.config.ConfigFileTypeHandler/CONFIG]: Loaded TOML config file C:\Users\ytthe\Desktop\monmods\runs\client\config\neoforge-server.toml
[08Aug2024 11:28:13.595] [Server thread/DEBUG] [net.neoforged.fml.config.ConfigFileTypeHandler/CONFIG]: Watching TOML config file C:\Users\ytthe\Desktop\monmods\runs\client\config\neoforge-server.toml for changes
[08Aug2024 11:28:13.597] [Server thread/DEBUG] [net.neoforged.neoforge.common.NeoForgeConfig/FORGEMOD]: Loaded NeoForge config file neoforge-server.toml
[08Aug2024 11:28:13.600] [Thread-4/DEBUG] [net.neoforged.fml.config.ConfigFileTypeHandler/CONFIG]: Config file neoforge-server.toml changed, sending notifies
[08Aug2024 11:28:13.601] [Thread-4/DEBUG] [net.neoforged.neoforge.common.NeoForgeConfig/FORGEMOD]: NeoForge config just got changed on the file system!
[08Aug2024 11:28:21.227] [Server thread/INFO] [net.minecraft.server.MinecraftServer/]: Preparing start region for dimension minecraft:overworld
[08Aug2024 11:28:21.350] [progressListener/INFO] [net.minecraft.server.level.progress.LoggerChunkProgressListener/]: Preparing spawn area: 2%
[08Aug2024 11:28:21.787] [progressListener/INFO] [net.minecraft.server.level.progress.LoggerChunkProgressListener/]: Preparing spawn area: 4%
[08Aug2024 11:28:22.276] [progressListener/INFO] [net.minecraft.server.level.progress.LoggerChunkProgressListener/]: Preparing spawn area: 6%
[08Aug2024 11:28:22.846] [progressListener/INFO] [net.minecraft.server.level.progress.LoggerChunkProgressListener/]: Preparing spawn area: 18%
[08Aug2024 11:28:24.908] [progressListener/INFO] [net.minecraft.server.level.progress.LoggerChunkProgressListener/]: Preparing spawn area: 20%
[08Aug2024 11:28:24.908] [progressListener/INFO] [net.minecraft.server.level.progress.LoggerChunkProgressListener/]: Preparing spawn area: 20%
[08Aug2024 11:28:24.908] [progressListener/INFO] [net.minecraft.server.level.progress.LoggerChunkProgressListener/]: Preparing spawn area: 20%
[08Aug2024 11:28:24.908] [progressListener/INFO] [net.minecraft.server.level.progress.LoggerChunkProgressListener/]: Preparing spawn area: 20%
[08Aug2024 11:28:25.290] [progressListener/INFO] [net.minecraft.server.level.progress.LoggerChunkProgressListener/]: Preparing spawn area: 20%
[08Aug2024 11:28:25.825] [progressListener/INFO] [net.minecraft.server.level.progress.LoggerChunkProgressListener/]: Preparing spawn area: 28%
[08Aug2024 11:28:26.291] [progressListener/INFO] [net.minecraft.server.level.progress.LoggerChunkProgressListener/]: Preparing spawn area: 44%
[08Aug2024 11:28:26.799] [progressListener/INFO] [net.minecraft.server.level.progress.LoggerChunkProgressListener/]: Preparing spawn area: 51%
[08Aug2024 11:28:27.326] [progressListener/INFO] [net.minecraft.server.level.progress.LoggerChunkProgressListener/]: Preparing spawn area: 53%
[08Aug2024 11:28:27.777] [progressListener/INFO] [net.minecraft.server.level.progress.LoggerChunkProgressListener/]: Preparing spawn area: 61%
[08Aug2024 11:28:28.319] [progressListener/INFO] [net.minecraft.server.level.progress.LoggerChunkProgressListener/]: Preparing spawn area: 77%
[08Aug2024 11:28:28.761] [Server thread/INFO] [net.neoforged.neoforge.server.permission.PermissionAPI/]: Successfully initialized permission handler neoforge:default_handler
[08Aug2024 11:28:28.763] [Server thread/WARN] [net.neoforged.neoforge.common.TagConventionLogWarning/]: 
   Dev warning - Legacy Tags detected. Please migrate your 'forge' namespace tags to the 'c' namespace! See net.neoforged.neoforge.common.Tags.java for all tags.
   NOTE: Many tags have been moved around or renamed. Some new ones were added so please review the new tags.
    And make sure you follow tag conventions for new tags! The convention is `c` with nouns generally being plural and adjectives being singular.
   You can disable this message in NeoForge's common config by setting `logLegacyTagWarnings` to "SILENCED" or see individual tags with "DEV_VERBOSE".

[08Aug2024 11:28:28.765] [Server thread/INFO] [net.minecraft.client.server.IntegratedServer/]: Changing view distance to 8, from 10
[08Aug2024 11:28:28.765] [Server thread/INFO] [net.minecraft.client.server.IntegratedServer/]: Changing simulation distance to 8, from 0
[08Aug2024 11:28:28.793] [progressListener/INFO] [net.minecraft.server.level.progress.LoggerChunkProgressListener/]: Preparing spawn area: 97%
[08Aug2024 11:28:28.793] [progressListener/INFO] [net.minecraft.server.level.progress.LoggerChunkProgressListener/]: Time elapsed: 7527 ms
[08Aug2024 11:28:28.872] [Netty Server IO #3/DEBUG] [net.neoforged.neoforge.network.filters.NetworkFilters/]: Injected net.neoforged.neoforge.network.filters.GenericPacketSplitter@6cae1e73 into net.minecraft.network.Connection@29ac8d82
[08Aug2024 11:28:28.874] [Netty Local Client IO #1/DEBUG] [net.neoforged.neoforge.network.filters.NetworkFilters/]: Injected net.neoforged.neoforge.network.filters.GenericPacketSplitter@6af29972 into net.minecraft.network.Connection@2ff01a48
[08Aug2024 11:28:29.652] [Netty Server IO #3/DEBUG] [net.neoforged.neoforge.network.filters.NetworkFilters/]: Injected net.neoforged.neoforge.network.filters.GenericPacketSplitter@184fe7bf into net.minecraft.network.Connection@29ac8d82
[08Aug2024 11:28:29.675] [Server thread/INFO] [net.minecraft.server.players.PlayerList/]: Dev[local:E:821ae9e6] logged in with entity id 725 at (2.5, 68.0, 9.5)
[08Aug2024 11:28:29.698] [Server thread/INFO] [net.minecraft.server.MinecraftServer/]: Dev joined the game
[08Aug2024 11:28:29.699] [Server thread/INFO] [net.minecraft.server.MinecraftServer/]: Dev has made the advancement [A start for an adventure]
[08Aug2024 11:28:29.892] [Render thread/INFO] [net.minecraft.client.gui.components.ChatComponent/]: [System] [CHAT] Dev has made the advancement [A start for an adventure]
[08Aug2024 11:28:29.892] [Render thread/INFO] [net.minecraft.client.gui.components.ChatComponent/]: [System] [CHAT] Check https://www.curseforge.com/minecraft/mc-mods/more-vanilla if there are a new version
[08Aug2024 11:28:29.893] [Render thread/INFO] [net.minecraft.advancements.AdvancementTree/]: Loaded 17 advancements
[08Aug2024 11:28:49.107] [Server thread/INFO] [net.minecraft.server.MinecraftServer/]: Dev has made the advancement [Soon the enderite dimension]
[08Aug2024 11:28:49.117] [Render thread/INFO] [net.minecraft.client.gui.components.ChatComponent/]: [System] [CHAT] Dev has made the advancement [Soon the enderite dimension]
[08Aug2024 11:28:49.154] [Render thread/INFO] [net.minecraft.advancements.AdvancementTree/]: Loaded 18 advancements
[08Aug2024 11:29:19.239] [Server thread/INFO] [net.minecraft.server.MinecraftServer/]: Dev has completed the challenge [The enderite dimension]
[08Aug2024 11:29:19.265] [Render thread/INFO] [net.minecraft.client.gui.components.ChatComponent/]: [System] [CHAT] Dev has completed the challenge [The enderite dimension]
[08Aug2024 11:29:19.266] [Render thread/INFO] [net.minecraft.advancements.AdvancementTree/]: Loaded 18 advancements
[08Aug2024 11:32:36.439] [Server thread/INFO] [net.minecraft.server.MinecraftServer/]: [Dev: Teleported Dev to 1034.390417, 76.457327, 10.443832]
[08Aug2024 11:32:36.446] [Render thread/INFO] [net.minecraft.client.gui.components.ChatComponent/]: [System] [CHAT] Teleported Dev to 1034.390417, 76.457327, 10.443832
[08Aug2024 11:32:56.694] [Server thread/INFO] [net.minecraft.server.MinecraftServer/]: [Dev: Teleported Dev to 2209.356150, 103.820992, 173.156082]
[08Aug2024 11:32:56.740] [Render thread/INFO] [net.minecraft.client.gui.components.ChatComponent/]: [System] [CHAT] Teleported Dev to 2209.356150, 103.820992, 173.156082
[08Aug2024 11:33:19.087] [Server thread/INFO] [net.minecraft.server.MinecraftServer/]: [Dev: Teleported Dev to 3046.335132, 103.820992, 394.666914]
[08Aug2024 11:33:19.096] [Render thread/INFO] [net.minecraft.client.gui.components.ChatComponent/]: [System] [CHAT] Teleported Dev to 3046.335132, 103.820992, 394.666914
[08Aug2024 11:33:28.900] [Server thread/DEBUG] [net.neoforged.neoforge.common.CommonHooks/WP]: Gathered mod list to write to world save New World
[08Aug2024 11:33:50.464] [Server thread/INFO] [net.minecraft.client.server.IntegratedServer/]: Saving and pausing game...
[08Aug2024 11:33:50.481] [Server thread/INFO] [net.minecraft.server.MinecraftServer/]: Saving chunks for level 'ServerLevel[New World]'/minecraft:overworld
[08Aug2024 11:33:50.489] [Server thread/INFO] [net.minecraft.server.MinecraftServer/]: Saving chunks for level 'ServerLevel[New World]'/minecraft:the_nether
[08Aug2024 11:33:50.494] [Server thread/INFO] [net.minecraft.server.MinecraftServer/]: Saving chunks for level 'ServerLevel[New World]'/more_vanilla:enderitedimension
[08Aug2024 11:33:50.503] [Server thread/INFO] [net.minecraft.server.MinecraftServer/]: Saving chunks for level 'ServerLevel[New World]'/minecraft:the_end
[08Aug2024 11:33:50.585] [Server thread/DEBUG] [net.neoforged.neoforge.common.CommonHooks/WP]: Gathered mod list to write to world save New World
[08Aug2024 11:34:03.420] [Server thread/INFO] [net.minecraft.server.network.ServerGamePacketListenerImpl/]: Dev lost connection: Disconnected
[08Aug2024 11:34:03.421] [Server thread/INFO] [net.minecraft.server.MinecraftServer/]: Dev left the game
[08Aug2024 11:34:03.430] [Server thread/INFO] [net.minecraft.server.network.ServerCommonPacketListenerImpl/]: Stopping singleplayer server as player logged out
[08Aug2024 11:34:03.470] [Server thread/INFO] [net.minecraft.server.MinecraftServer/]: Stopping server
[08Aug2024 11:34:03.470] [Server thread/INFO] [net.minecraft.server.MinecraftServer/]: Saving players
[08Aug2024 11:34:03.470] [Server thread/INFO] [net.minecraft.server.MinecraftServer/]: Saving worlds
[08Aug2024 11:34:05.912] [Server thread/INFO] [net.minecraft.server.MinecraftServer/]: Saving chunks for level 'ServerLevel[New World]'/minecraft:overworld
[08Aug2024 11:34:05.940] [Server thread/INFO] [net.minecraft.server.MinecraftServer/]: Saving chunks for level 'ServerLevel[New World]'/minecraft:the_nether
[08Aug2024 11:34:05.942] [Server thread/INFO] [net.minecraft.server.MinecraftServer/]: Saving chunks for level 'ServerLevel[New World]'/more_vanilla:enderitedimension
[08Aug2024 11:34:05.989] [Server thread/INFO] [net.minecraft.server.MinecraftServer/]: Saving chunks for level 'ServerLevel[New World]'/minecraft:the_end
[08Aug2024 11:34:06.061] [Server thread/DEBUG] [net.neoforged.neoforge.common.CommonHooks/WP]: Gathered mod list to write to world save New World
[08Aug2024 11:34:06.134] [Server thread/INFO] [net.minecraft.server.MinecraftServer/]: ThreadedAnvilChunkStorage (New World): All chunks are saved
[08Aug2024 11:34:06.134] [Server thread/INFO] [net.minecraft.server.MinecraftServer/]: ThreadedAnvilChunkStorage (DIM-1): All chunks are saved
[08Aug2024 11:34:06.134] [Server thread/INFO] [net.minecraft.server.MinecraftServer/]: ThreadedAnvilChunkStorage (enderitedimension): All chunks are saved
[08Aug2024 11:34:06.135] [Server thread/INFO] [net.minecraft.server.MinecraftServer/]: ThreadedAnvilChunkStorage (DIM1): All chunks are saved
[08Aug2024 11:34:06.135] [Server thread/INFO] [net.minecraft.server.MinecraftServer/]: ThreadedAnvilChunkStorage: All dimensions are saved
[08Aug2024 11:34:06.191] [Server thread/DEBUG] [net.neoforged.fml.config.ConfigTracker/CONFIG]: Unloading configs type SERVER
[08Aug2024 11:34:07.394] [Render thread/INFO] [net.minecraft.client.Minecraft/]: Stopping!
